5p,10p,_BACKGROUND
JPH3,JPH3,JPH3
PTPRO,PTPRO,PTPRO
KIAA1211L,KIAA1211L,KIAA1211L
SLC9A7,SLC9A7,SLC9A7
NECTIN3,NECTIN3,NECTIN3
KCNJ6,KCNJ6,KCNJ6
SLC16A10,SLC16A10,SLC16A10
FAM153A,FAM153A,FAM153A
WDR17,WDR17,WDR17
MAN1A2,MAN1A2,MAN1A2
ASXL3,ASXL3,ASXL3
EHBP1,EHBP1,EHBP1
STAU2,STAU2,STAU2
MED12L,MED12L,MED12L
NWD2,NWD2,NWD2
MIR137HG,MIR137HG,MIR137HG
SBK1,SBK1,SBK1
TMEM178A,TMEM178A,TMEM178A
ATP2C1,ATP2C1,ATP2C1
AIG1,AIG1,AIG1
UTRN,UTRN,UTRN
MAGI1,MAGI1,MAGI1
RBFOX2,RBFOX2,RBFOX2
CA10,CA10,CA10
RGS7,RGS7,RGS7
HTR2C,HTR2C,HTR2C
RFX3,RFX3,RFX3
NPTN,NPTN,NPTN
PRKAA2,PRKAA2,PRKAA2
GRIA2,GRIA2,GRIA2
GALNT7,GALNT7,GALNT7
RORA,RORA,RORA
RIMS1,RIMS1,RIMS1
FAM78B,FAM78B,FAM78B
PTPRS,PTPRS,PTPRS
GNG12-AS1,GNG12-AS1,GNG12-AS1
SERPINI1,SERPINI1,SERPINI1
DCLK1,DCLK1,DCLK1
MTA3,MTA3,MTA3
NPY1R,NPY1R,NPY1R
ANO10,ANO10,ANO10
CAMK2D,CAMK2D,CAMK2D
BICDL1,BICDL1,BICDL1
CELF2,CELF2,CELF2
CPNE8,CPNE8,CPNE8
DTWD2,DTWD2,DTWD2
ICA1L,ICA1L,ICA1L
ICA1,ICA1,ICA1
DTNA,DTNA,DTNA
ZFP30,ZFP30,ZFP30
SUPT3H,SUPT3H,SUPT3H
CADM3,CADM3,CADM3
ZDHHC14,ZDHHC14,ZDHHC14
NTNG1,NTNG1,NTNG1
PPM1E,PPM1E,PPM1E
KCNH1,KCNH1,KCNH1
PURG,PURG,PURG
PARP8,PARP8,PARP8
PTCHD1,PTCHD1,PTCHD1
SMOC2,SMOC2,SMOC2
SOX11,SOX11,SOX11
PRKAR2B,PRKAR2B,PRKAR2B
ST8SIA1,ST8SIA1,ST8SIA1
ANKRD6,ANKRD6,ANKRD6
ROCK2,ROCK2,ROCK2
NPTX2,NPTX2,NPTX2
SYT14,SYT14,SYT14
HECW1,HECW1,HECW1
EIF4G3,EIF4G3,EIF4G3
LRFN5,LRFN5,LRFN5
KANSL1,KANSL1,KANSL1
PKIA,PKIA,PKIA
ZBTB25,ZBTB25,ZBTB25
ZBTB11,ZBTB11,ZBTB11
USF1,USF1,USF1
ASTN2,ASTN2,ASTN2
LMO4,LMO4,LMO4
B3GALNT1,B3GALNT1,B3GALNT1
TRAF5,TRAF5,TRAF5
SYNE1,SYNE1,SYNE1
ZNF800,ZNF800,ZNF800
FNBP1L,FNBP1L,FNBP1L
ADNP,ADNP,ADNP
BEND4,BEND4,BEND4
WNT10B,WNT10B,WNT10B
GABRA5,GABRA5,GABRA5
RSPH3,RSPH3,RSPH3
RIT2,RIT2,RIT2
INTU,INTU,INTU
ZNF596,ZNF596,ZNF596
PCNX4,PCNX4,PCNX4
NBEA,NBEA,NBEA
NUTM2B-AS1,NUTM2B-AS1,NUTM2B-AS1
CPEB3,CPEB3,CPEB3
ARHGEF28,ARHGEF28,ARHGEF28
AHI1,AHI1,AHI1
EZH2,EZH2,EZH2
MEF2C-AS1,MEF2C-AS1,MEF2C-AS1
INPP4A,INPP4A,INPP4A
APBA1,APBA1,APBA1
PRKD1,PRKD1,PRKD1
LYST,LYST,LYST
PCNX1,PCNX1,PCNX1
TRAF3IP2-AS1,TRAF3IP2-AS1,TRAF3IP2-AS1
SIN3A,SIN3A,SIN3A
SLC16A2,SLC16A2,SLC16A2
CEP85L,CEP85L,CEP85L
SOX2,SOX2,SOX2
DLG2,DLG2,DLG2
FUT9,FUT9,FUT9
SEMA6D,SEMA6D,SEMA6D
SV2C,SV2C,SV2C
SNAP25,SNAP25,SNAP25
MYRIP,MYRIP,MYRIP
RBBP5,RBBP5,RBBP5
TIGD2,TIGD2,TIGD2
PTK2B,PTK2B,PTK2B
TMEM67,TMEM67,TMEM67
NAV2,NAV2,NAV2
BASP1,BASP1,BASP1
DENND5B,DENND5B,DENND5B
CNTN4,CNTN4,CNTN4
SLC2A13,SLC2A13,SLC2A13
CDH11,CDH11,CDH11
CLIP1,CLIP1,CLIP1
AKT3,AKT3,AKT3
CHN1,CHN1,CHN1
CDHR3,CDHR3,CDHR3
ATP2B1,ATP2B1,ATP2B1
DLGAP2,DLGAP2,DLGAP2
TBC1D1,TBC1D1,TBC1D1
ZFYVE9,ZFYVE9,ZFYVE9
FAM49B,FAM49B,FAM49B
CACNB3,CACNB3,CACNB3
LZTS3,LZTS3,LZTS3
PIK3R1,PIK3R1,PIK3R1
SH3GL2,SH3GL2,SH3GL2
ST7,ST7,ST7
ZFY,ZFY,ZFY
SPIDR,SPIDR,SPIDR
CD47,CD47,CD47
CLSTN1,CLSTN1,CLSTN1
SMAD1,SMAD1,SMAD1
LRRC4C,LRRC4C,LRRC4C
TSC22D1,TSC22D1,TSC22D1
CARD11,CARD11,CARD11
BEND6,BEND6,BEND6
IQCA1,IQCA1,IQCA1
ST3GAL3,ST3GAL3,ST3GAL3
PRKCD,PRKCD,PRKCD
IRS1,IRS1,IRS1
RPL13A,RPL13A,RPL13A
XKR7,XKR7,XKR7
PTPRG,PTPRG,PTPRG
BMPR1A,BMPR1A,BMPR1A
BRINP3,BRINP3,BRINP3
KCND2,KCND2,KCND2
KCNB2,KCNB2,KCNB2
ZNF420,ZNF420,ZNF420
MAST1,MAST1,MAST1
IGLON5,IGLON5,IGLON5
BCAR3,BCAR3,BCAR3
SLC16A7,SLC16A7,SLC16A7
FAM155A,FAM155A,FAM155A
RUNDC3B,RUNDC3B,RUNDC3B
PPP1R12A,PPP1R12A,PPP1R12A
ZNF37A,ZNF37A,ZNF37A
EBF4,EBF4,EBF4
CACNA2D1,CACNA2D1,CACNA2D1
TEX9,TEX9,TEX9
ZNF101,ZNF101,ZNF101
ENOX1,ENOX1,ENOX1
SLC35F1,SLC35F1,SLC35F1
DUSP16,DUSP16,DUSP16
MPP6,MPP6,MPP6
PLEKHA6,PLEKHA6,PLEKHA6
STRBP,STRBP,STRBP
DLG3,DLG3,DLG3
LARP1B,LARP1B,LARP1B
PAWR,PAWR,PAWR
SLC23A2,SLC23A2,SLC23A2
YWHAB,YWHAB,YWHAB
IL1RAPL2,IL1RAPL2,IL1RAPL2
RCOR1,RCOR1,RCOR1
TMEM132D,TMEM132D,TMEM132D
CACNA1C,CACNA1C,CACNA1C
BACH2,BACH2,BACH2
CPS1-IT1,CPS1-IT1,CPS1-IT1
DAB2IP,DAB2IP,DAB2IP
PTPRD,PTPRD,PTPRD
BANP,BANP,BANP
CADM2,CADM2,CADM2
GTF2A1,GTF2A1,GTF2A1
RANBP9,RANBP9,RANBP9
AMPH,AMPH,AMPH
ZNF138,ZNF138,ZNF138
ASAP2,ASAP2,ASAP2
SYN3,SYN3,SYN3
GABRA4,GABRA4,GABRA4
KCNQ5,KCNQ5,KCNQ5
TNRC18,TNRC18,TNRC18
ADAM23,ADAM23,ADAM23
CDH7,CDH7,CDH7
DPYSL3,DPYSL3,DPYSL3
SLC7A14,SLC7A14,SLC7A14
GABRA1,GABRA1,GABRA1
SESN3,SESN3,SESN3
ZNF891,ZNF891,ZNF891
GTPBP1,GTPBP1,GTPBP1
CAMKK2,CAMKK2,CAMKK2
UNC80,UNC80,UNC80
SLC17A7,SLC17A7,SLC17A7
CD79B,CD79B,CD79B
CCNT2,CCNT2,CCNT2
SOX5,SOX5,SOX5
PHYHIP,PHYHIP,PHYHIP
RAD21,RAD21,RAD21
,FAXC,FAXC
,PDZD2,PDZD2
,ATP1A3,ATP1A3
,ZNF821,ZNF821
,ELOVL6,ELOVL6
,ELAVL4,ELAVL4
,MEGF11,MEGF11
,FAM189A2,FAM189A2
,B4GALT6,B4GALT6
,SEMA5A,SEMA5A
,ETV5,ETV5
,TBL1Y,TBL1Y
,CADM1,CADM1
,CHGA,CHGA
,TAB2,TAB2
,ENC1,ENC1
,LRRK2,LRRK2
,TCF12,TCF12
,SERPINE2,SERPINE2
,ELMOD1,ELMOD1
,NRGN,NRGN
,FERMT1,FERMT1
,PTN,PTN
,KIF5A,KIF5A
,UGGT2,UGGT2
,EPHA4,EPHA4
,ASAH2B,ASAH2B
,RFX2,RFX2
,ARF3,ARF3
,P4HA1,P4HA1
,CHST1,CHST1
,CD36,CD36
,UBAC2,UBAC2
,STAT1,STAT1
,LMNB1,LMNB1
,TAGLN3,TAGLN3
,11-Mar,11-Mar
,MIR4500HG,MIR4500HG
,GAS2,GAS2
,COL23A1,COL23A1
,BEX3,BEX3
,B3GLCT,B3GLCT
,NR1D2,NR1D2
,DENND1B,DENND1B
,GULP1,GULP1
,SMAD7,SMAD7
,PLEKHG5,PLEKHG5
,UBTF,UBTF
,MAP2,MAP2
,ALDH1A2,ALDH1A2
,MLXIP,MLXIP
,ENTPD2,ENTPD2
,ARHGAP12,ARHGAP12
,SAMD3,SAMD3
,KAT6B,KAT6B
,MRVI1,MRVI1
,ARHGEF11,ARHGEF11
,VIPR2,VIPR2
,PPP3R1,PPP3R1
,TRHDE-AS1,TRHDE-AS1
,SEMA3C,SEMA3C
,SALL3,SALL3
,NR1H2,NR1H2
,DPY19L1,DPY19L1
,MPP7,MPP7
,THRB,THRB
,NR1D1,NR1D1
,HES4,HES4
,ETV1,ETV1
,EPHB6,EPHB6
,CSMD3,CSMD3
,NLGN4Y,NLGN4Y
,SVIL,SVIL
,ZNF431,ZNF431
,RTN2,RTN2
,SERGEF,SERGEF
,CREB3L2,CREB3L2
,ZNF592,ZNF592
,GRIK1,GRIK1
,DOCK8,DOCK8
,ZNF280D,ZNF280D
,ZFX,ZFX
,GPHN,GPHN
,BRF1,BRF1
,WRNIP1,WRNIP1
,ZNF189,ZNF189
,NLK,NLK
,MAPRE2,MAPRE2
,GTDC1,GTDC1
,TNPO1,TNPO1
,RAB39A,RAB39A
,PDGFRB,PDGFRB
,ATP1A2,ATP1A2
,PTCHD1-AS,PTCHD1-AS
,NR2F1-AS1,NR2F1-AS1
,ZHX2,ZHX2
,RAB3C,RAB3C
,STXBP1,STXBP1
,EMX2OS,EMX2OS
,ARHGAP20,ARHGAP20
,ZFP90,ZFP90
,PLD5,PLD5
,ZFP37,ZFP37
,ATRNL1,ATRNL1
,RAD51B,RAD51B
,ZBTB37,ZBTB37
,HSF2,HSF2
,KAZN,KAZN
,N4BP2,N4BP2
,JPH1,JPH1
,TBC1D4,TBC1D4
,MAGI3,MAGI3
,KDM4C,KDM4C
,LDLRAD3,LDLRAD3
,TNC,TNC
,TMEM200A,TMEM200A
,HS3ST4,HS3ST4
,CFAP46,CFAP46
,NCS1,NCS1
,PRSS23,PRSS23
,THY1,THY1
,PROS1,PROS1
,SYN2,SYN2
,HNF1A,HNF1A
,RSAD2,RSAD2
,KCNH7,KCNH7
,ZFP36L1,ZFP36L1
,LINC01877,LINC01877
,GLIS1,GLIS1
,FHL2,FHL2
,ADGRL3,ADGRL3
,FBXW7,FBXW7
,DGKI,DGKI
,ATP6V1A,ATP6V1A
,CACNA2D2,CACNA2D2
,ZIC2,ZIC2
,ZNF514,ZNF514
,ASAP1,ASAP1
,HAR1B,HAR1B
,RMDN2,RMDN2
,PTPN14,PTPN14
,TOX,TOX
,SP3,SP3
,MPPED1,MPPED1
,FOXB1,FOXB1
,NOC2L,NOC2L
,WWC2,WWC2
,SOX10,SOX10
,SH3RF1,SH3RF1
,IL1RAPL1,IL1RAPL1
,MEOX2,MEOX2
,ZNF565,ZNF565
,LINC01354,LINC01354
,ADNP2,ADNP2
,SLC7A8,SLC7A8
,CD160,CD160
,MEIS1,MEIS1
,MASP1,MASP1
,ZNF92,ZNF92
,GLI3,GLI3
,ZNF326,ZNF326
,FRMPD4,FRMPD4
,ZNF778,ZNF778
,CACNA2D3,CACNA2D3
,UBB,UBB
,PAX2,PAX2
,ZBTB21,ZBTB21
,ATG10,ATG10
,RPS6KA3,RPS6KA3
,REL,REL
,FKBP5,FKBP5
,NOVA1,NOVA1
,SCG5,SCG5
,STAMBPL1,STAMBPL1
,MAN1A1,MAN1A1
,CYP7B1,CYP7B1
,HSD11B1,HSD11B1
,1-Mar,1-Mar
,TENM4,TENM4
,MAF,MAF
,B4GALNT3,B4GALNT3
,FMNL3,FMNL3
,VAV3,VAV3
,NCOR1,NCOR1
,PDZRN3,PDZRN3
,MTBP,MTBP
,LINC01237,LINC01237
,INA,INA
,DDIT3,DDIT3
,SLC4A4,SLC4A4
,ST3GAL6,ST3GAL6
,SNRK,SNRK
,ZNF558,ZNF558
,PLG,PLG
,LYPD6,LYPD6
,KLF13,KLF13
,LTBP1,LTBP1
,TUBB4A,TUBB4A
,KLF11,KLF11
,C1QL3,C1QL3
,PACRG-AS3,PACRG-AS3
,HOMEZ,HOMEZ
,MTUS1,MTUS1
,TUBA1A,TUBA1A
,CELF4,CELF4
,TNFAIP8,TNFAIP8
,NLRP3,NLRP3
,FER,FER
,ZNF471,ZNF471
,PASK,PASK
,ZFAND3,ZFAND3
,ZKSCAN1,ZKSCAN1
,CNP,CNP
,,FAM153B
,,ADAMTS3
,,MELTF
,,BTNL9
,,CD44
,,ZNF607
,,TRG-AS1
,,ADAMTS20
,,PRDM10
,,EPHB2
,,CAPN1
,,EPSTI1
,,SH3GL3
,,PDE3A
,,ATP1B2
,,ZNF226
,,ARID5B
,,NRIP1
,,MED30
,,ZIC1
,,HDAC2
,,HTR1E
,,TCF7L2
,,CMSS1
,,CBLN1
,,IL15RA
,,MECP2
,,ZNF653
,,GLT1D1
,,PTPN13
,,PANTR1
,,SLC39A8
,,CREBL2
,,TUSC3
,,ADGRA1
,,CACHD1
,,ELF2
,,SLC16A6
,,CENPF
,,PIP5K1B
,,NFATC2
,,ZNF438
,,MZF1
,,RGS6
,,OSBPL6
,,ZNF184
,,GATAD1
,,ADORA2B
,,AKR1E2
,,SYNGR1
,,TC2N
,,TSN
,,ATP1B3
,,CPNE4
,,SLC14A1
,,ASCL1
,,BCL6
,,PRRX1
,,RAB3A
,,CCNYL1
,,DBNDD2
,,DOK6
,,KIAA1549
,,STXBP5
,,NKX2-2
,,NOX4
,,TRPC6
,,TRPC4
,,GOLGA8A
,,FGFR1
,,ZNF587
,,HEY1
,,CPLX2
,,SMOC1
,,KLF3
,,CCDC6
,,GATAD2A
,,TNIK
,,RPS6KA2
,,RAB7A
,,NKAIN2
,,RPL13
,,CNTNAP3B
,,CNOT6
,,PLSCR2
,,PHTF1
,,CARNMT1
,,CLDN1
,,CRYM
,,LINC01505
,,CAMK2N1
,,SPOCK1
,,IL1RAP
,,FARP1
,,PIK3C3
,,MIR9-3HG
,,LARP1
,,NHSL2
,,WLS
,,GLIS3
,,PVT1
,,CYB5R1
,,PLPPR1
,,ZNF350
,,ARHGEF4
,,SLC29A1
,,VIPR1
,,KIAA1217
,,MYOF
,,TPM1
,,KIF26B
,,PRKAR1A
,,TMEM233
,,MEST
,,G3BP2
,,ACTR2
,,CREB5
,,FAM189A1
,,HP1BP3
,,MPPED2
,,SREBF1
,,DUSP22
,,PAUPAR
,,ZNF837
,,PAPSS1
,,ZNF681
,,NFIA-AS2
,,BEGAIN
,,PARD3
,,RND1
,,CMIP
,,FAM171B
,,ZNF492
,,GSE1
,,ARL4C
,,RANBP3L
,,KLHL8
,,PHEX-AS1
,,ZNF589
,,STON2
,,PLS3-AS1
,,ERC1
,,PAK6
,,STAT5B
,,KDM7A
,,PRKACB
,,ZFP41
,,CCL2
,,RPH3AL
,,EML1
,,ZNF57
,,CIITA
,,TBPL1
,,TEAD2
,,IER5L
,,SMS
,,LUZP1
,,TRAF3
,,HBP1
,,FRY
,,AHCTF1
,,ZNRF2
,,B3GALT5
,,RNF24
,,SYT6
,,LINC01239
,,ABHD17C
,,ELK3
,,HIRIP3
,,ZNF100
,,PAX7
,,PPP1R10
,,ASPHD2
,,MET
,,ZNF672
,,TMEM140
,,AFAP1L2
,,SHISA6
,,VIP
,,RASGEF1B
,,RAB15
,,SLC30A3
,,ANKRD24
,,HLCS
,,CD86
,,REST
,,PFKP
,,SFMBT2
,,WDR63
,,ZNF569
,,ZNF775
,,SYT11
,,HPCAL4
,,PTPRT
,,AR
,,FRK
,,GRID2
,,TBR1
,,SPARCL1
,,MARCKS
,,ZNF48
,,NPAS3
,,RHBDF2
,,CERS6
,,CYP17A1
,,IL17REL
,,RNF182
,,ZNF197
,,TAF6
,,LPAR6
,,ZBTB4
,,RNASET2
,,MSANTD3
,,LRRFIP1
,,NYAP2
,,POU3F2
,,STK24
,,ANXA1
,,BICD1
,,ANKRD42
,,CCBE1
,,KLHL4
,,CLEC2B
,,HOXD1
,,TAF1
,,SLC12A5
,,CARMN
,,ZBTB8A
,,CCDC102B
,,ZNF155
,,ZNF217
,,LOXL4
,,ZRSR2
,,ZBTB46
,,ZBTB24
,,CA11
,,ANKFN1
,,ZNF524
,,FGD4
,,HSPA5
,,CCNI
,,LHX4
,,CELSR2
,,DLGAP1-AS5
,,SLC24A4
,,RPL6
,,ZNF222
,,PAPLN
,,SCN4B
,,ADAMTS12
,,SMIM10L2A
,,SP9
,,C6orf99
,,DDX4
,,PCNX2
,,SCN1B
,,KLF9
,,SATB1-AS1
,,PLCXD2
,,ASH2L
,,ALX1
,,LINC01619
,,GNG11
,,FAM209A
,,TBX15
,,BHLHE40
,,GADD45G
,,VDR
,,ELF4
,,GABRA6
,,NELFA
,,PPP1R14C
,,GCM2
,,C8orf34
,,PNISR
,,PART1
,,RPS4X
,,THSD7A
,,ST6GALNAC5
,,NHSL1
,,NKAIN1
,,CNTNAP2
,,DBP
,,SPDEF
,,IFI16
,,FGGY
,,PCP4
,,PANK1
,,FOXC1
,,SP2
,,SLC18B1
,,SLC7A10
,,THBS1
,,TMEM59L
,,ZNF331
,,CCSER1
,,CDH8
,,HLA-E
,,RBPMS
,,USP53
,,TP63
,,ICAM2
,,NR5A1
,,CAMKK1
,,TBX3
,,CYYR1
,,ADAMTS10
,,ATP10A
,,TBX18
,,CAPN14
,,CYP4X1
,,SLC39A10
,,VPS13A
,,LINC00839
,,PLCB1
,,KCNMA1
,,ARPP21
,,LINGO2
,,GABBR2
,,NAP1L1
,,PRKY
,,EPB41L4B
,,TFDP1
,,FLRT2
,,ETV3
,,KCNIP4
,,MIPOL1
,,C3orf70
,,LAMC1
,,PKNOX1
,,RBAK
,,GABRG3
,,ULK4
,,WASF3
,,ARSG
,,GPR176
,,RAB2A
,,STK40
,,P2RY6
,,RORB
,,NOS1AP
,,GOLGA8B
,,SCN8A
,,DPP10-AS1
,,BMT2
,,MDGA2
,,MAST4
,,TMEM150C
,,RALGPS2
,,EML6
,,GPR158
,,SMPD3
,,FSIP1
,,DSCAM
,,TMEM266
,,NOTCH2
,,BRINP2
,,RAPH1
,,HSF5
,,PLAG1
,,EPHA3
,,RARB
,,CALN1
,,SV2B
,,SPRED1
,,CDH10
,,RALA
,,SCMH1
,,SCN3B
,,CAMK1D
,,TRHDE
,,GRM5
,,USP25
,,GMDS
,,TDRP
,,DNAH14
,,CASK
,,4-Mar
,,TMEM178B
,,CDC42EP3
,,PDE4D
,,FXYD6
,,3-Mar
,,FMN2
,,GRIK5
,,HOOK1
,,CLEC16A
,,MRAP2
,,NCOA3
,,ADGRL2
,,ZNF358
,,HIVEP1
,,ZBTB7C
,,FSTL4
,,NRP1
,,KCNQ3
,,E2F5
,,SLC44A5
,,NRCAM
,,MSI1
,,FBXO34
,,LINC01197
,,TRIM9
,,BCL11A
,,CSMD1
,,ARHGEF26-AS1
,,SGCZ
,,NRG1
,,RASSF8
,,HS6ST3
,,RASA2
,,TCF4
,,ZNF639
,,OSBPL3
,,ZBTB2
,,SSX2IP
,,PRICKLE1
,,HFM1
,,BTBD9
,,PLXNA4
,,HMBOX1
,,RAP1GAP
,,RTN1
,,TSC22D2
,,PPM1L
,,NFAT5
,,ARNTL
,,ELOVL4
,,ZNF879
,,KLF3-AS1
,,DAB1
,,SCN2A
,,ARID3A
,,PAK1
,,PPFIA2
,,TPST2
,,JAZF1
,,LINC00884
,,TTTY14
,,CNTNAP5
,,HTT
,,FZD3
,,EPB41L2
,,CDK14
,,CDK8
,,MAP1B
,,PLOD2
,,ZNF521
,,RUFY3
,,PDE10A
,,AP3S1
,,CNKSR2
,,AFF3
,,KCTD1
,,ADD2
,,PIK3CA
,,LPL
,,MCHR2
,,TTC39C
,,ADGRB2
,,DPP10
,,SCAMP5
,,ZNF148
,,ZNF804A
,,LINC01551
,,PRDM5
,,TMEM63C
,,HERC1
,,PAK3
,,ACAP2
,,GRAMD4
,,LRCH1
,,HOMER1
,,HTR4
,,FGF12
,,GRIA4
,,DPYSL5
,,HRH2
,,POLI
,,TFDP2
,,CCDC85A
,,GTF2I
,,TLE1
,,KCNV1
,,BRINP1
,,SOBP
,,TOX3
,,CDC7
,,ZNRF3
,,ZNF214
,,SPATS2
,,TPM3
,,MYH10
,,SBF2
,,UBE2W
,,NR3C1
,,CMTM8
,,TRIO
,,MEF2C
,,GLRA3
,,CASC2
,,FBXO17
,,PIAS2
,,PTPRN2
,,DOCK7
,,VCL
,,REV3L
,,SLC4A10
,,C2orf27A
,,SORCS3
,,UNC5D
,,CREB1
,,DLG4
,,SPTAN1
,,NR4A1
,,ZNF827
,,PLCB4
,,PCDH15
,,PDS5A
,,GAP43
,,PCSK2
,,NTM
,,HPSE2
,,FRAS1
,,FIP1L1
,,NEDD4L
,,RALGAPA2
,,ID4
,,MAML3
,,SRSF12
,,PCDH7
,,MYB
,,STXBP5L
,,APLP2
,,MMP24
,,SNAP91
,,DCLK2
,,MGAT4A
,,PRRG3
,,RIC8B
,,LAMB1
,,ZEB1
,,STMN2
,,NCOA2
,,CTNNAL1
,,RIMS2
,,PPP1R13B
,,PXYLP1
,,TMEM117
,,FHL1
,,PDGFC
,,AHR
,,FOXN3
,,CACNA1D
,,SLITRK5
,,RAB14
,,LEPR
,,VCAN
,,RUVBL1
,,LMO3
,,BOC
,,RNF152
,,ZDHHC21
,,COL12A1
,,NFIL3
,,ZNF398
,,KITLG
,,NBL1
,,SPRY1
,,NAALAD2
,,CALCR
,,GNPTAB
,,KIAA0319
,,USP6NL
,,CELF1
,,KCNMA1-AS1
,,CDC5L
,,XPR1
,,CHL1
,,CUX1
,,OTUD4
,,PHF24
,,NTRK2
,,LINC01501
,,CFAP206
,,MN1
,,DENND1A
,,RYR3
,,NFYC
,,SV2A
,,ZNF333
,,LRRN2
,,POU6F2
,,WASF1
,,HEY2
,,MBD5
,,EXTL3
,,BTBD10
,,BDP1
,,CHSY3
,,HNRNPLL
,,CDS1
,,CSGALNACT1
,,PPP3CA
,,ME1
,,SRBD1
,,E2F3
,,AACS
,,MFHAS1
,,DMTN
,,FOXJ3
,,MEIS2
,,RPS6KA5
,,LILRA2
,,SLC37A1
,,ZNF516
,,DAPK1
,,FAM110B
,,KLF8
,,MBNL3
,,ARHGDIG
,,PDGFRA
,,PGBD5
,,SNCA
,,CADPS2
,,RHPN1
,,CCDC91
,,DNAJC1
,,NPR3
,,KCTD8
,,ADRA1A
,,ZNF664
,,RYR2
,,CHURC1
,,FAM168A
,,VWA3B
,,HMGXB4
,,NRG3
,,GCNT2
,,NDRG4
,,HECTD4
,,ADD3-AS1
,,LRP1B
,,HMGB2
,,VSNL1
,,ZNF697
,,PBX1
,,ZSCAN26
,,CAMK2A
,,MEF2A
,,CDC14A
,,CCNT2-AS1
,,NR6A1
,,NR4A2
,,GNAQ
,,CBLN2
,,ABI1
,,GALR1
,,ZBTB5
,,TGFBR3
,,PITPNA
,,RASGEF1A
,,ZFPM2
,,ERC2
,,PLAGL1
,,ZNF496
,,GRIK4
,,ZDBF2
,,TLK1
,,RAI2
,,LRRN1
,,GABPB1
,,PHLDB2
,,IGSF21
,,ZXDC
,,GFRA1
,,CADPS
,,CTNNB1
,,LY6D
,,ZNF77
,,DMXL2
,,EYA2
,,SYBU
,,ZNF286A
,,NR2C2
,,RALYL
,,DPY19L2
,,SMARCA2
,,STK38L
,,NIN
,,E2F1
,,RIMKLB
,,YWHAZ
,,EPS8
,,ZNF260
,,LONRF2
,,FNDC3B
,,PPARG
,,TOX2
,,ZBTB33
,,DAAM1
,,KCNG3
,,ESYT2
,,ZSWIM6
,,RAPGEF5
,,BACH1
,,SFPQ
,,RILPL2
,,MED13L
,,MMP16
,,ZFHX2
,,LDB1
,,RGS17
,,LCORL
,,LIN7A
,,PTPN4
,,ZNF83
,,MARK1
,,NXPH4
,,NLGN1
,,ZBTB18
,,CLDN14
,,GABRB3
,,RAB27B
,,NELL1
,,SPOCK2
,,ZNF384
,,MYO9A
,,ANKRD30BL
,,LHX1
,,MACROD2
,,ANKS1B
,,AMOTL1
,,PCDH9-AS2
,,RBFOX1
,,ELK1
,,RFPL1S
,,SNTG2
,,IGF1R
,,LINC01482
,,SLF1
,,SLIT3
,,CDR2
,,XKR6
,,SSBP2
,,TPST1
,,ZHX1
,,FAM81A
,,PRR16
,,FOXP1
,,SYNPO2
,,ST8SIA3
,,ZKSCAN4
,,GPR155
,,CACNA1G
,,LNX1
,,HDAC9
,,PPP3CB
,,HIVEP2
,,NFIB
,,CUX2
,,RABGAP1L
,,DLEU1
,,ACVR1
,,ZNF532
,,XKR4
,,RAB6B
,,SAMD9
,,SLC6A17
,,PLEKHG1
,,MEG3
,,ZNF711
,,GRIN2B
,,CDKN2B-AS1
,,HTR1F
,,TWIST2
,,GREB1L
,,ZNF207
,,ZFHX3
,,CALCRL
,,CHD1
,,MMD2
,,PLSCR4
,,EXT1
,,RPL9
,,MAP2K1
,,CDYL2
,,DMD
,,EFNA5
,,RPL21
,,FOXO1
,,ZNF385B
,,GPAT3
,,ERG
,,RBPJL
,,FBXL17
,,EPHA5
,,MIR31HG
,,LRRC3B
,,PHF12
,,KLHL13
,,MAP3K9
,,SYT7
,,C1orf21
,,IRF2
,,NRXN3
,,ARHGAP6
,,RRAS2
,,PLEKHA2
,,SMAD9
,,FOXK1
,,ESRRG
,,UNC5C
,,BRAF
,,ZFPM1
,,UGP2
,,CHD3
,,FBXL7
,,RAPGEF1
,,LINC00968
,,ZEB2
,,CGREF1
,,CNOT4
,,GAS8
,,MLLT10
,,POU2AF1
,,NCK2
,,PDLIM5
,,EPHA6
,,CPEB1
,,PARM1
,,SLC38A1
,,ARMC2
,,ARHGAP22
,,JDP2
,,PATJ
,,RNF138
,,ARNT2
,,KHDRBS2
,,GLI1
,,ZBTB44
,,NFYA
,,LMO1
,,PKP4
,,RAB11A
,,CCND2
,,ATXN1
,,FGF14
,,NEK10
,,SP4
,,BEX1
,,JAZF1-AS1
,,EPB41L3
,,LINC00461
,,CHRM2
,,PTH2R
,,ARNT
,,GRIN2D
,,NUMB
,,SULT4A1
,,GLB1L3
,,MIOS
,,CIDEA
,,PROX1
,,RUNX2
,,ROR1
,,MAP7D2
,,PCDH11Y
,,TMEM144
,,PDE1B
,,GABRB2
,,LDLRAD4
,,CEP112
,,NFIX
,,MVB12B
,,SHROOM2
,,DACH1
,,SMAD4
,,DPP6
,,MAP2K5
,,EDA
,,MEF2D
,,ZSCAN18
,,SLC8A3
,,LINC00923
,,ETV4
,,FAM102B
,,PACRG
,,ZNF335
,,CNTN1
,,FNDC1
,,CDKL5
,,RAVER2
,,POSTN
,,LPP
,,GNAS
,,SPRY2
,,ZNF644
,,SLITRK4
,,ATF7
,,LINC00609
,,GABRA2
,,LANCL1
,,ZDHHC20
,,L3MBTL4
,,SYN1
,,CNTN5
,,PUM3
,,DIRAS2
,,AHDC1
,,PCSK5
,,HDAC2-AS2
,,GBP1
,,ZBTB7A
,,DOCK3
,,RASGRF2
,,GPCPD1
,,PLEKHA5
,,DOK5
,,POU3F3
,,TRIM36
,,ABI3BP
,,ETS1
,,ZNF600
,,KCNN2
,,RARG
,,EFCAB11
,,PIK3CD
,,FBN3
,,FAM171A1
,,PRKCA
,,CAMTA1
,,RBMS1
,,DDN
,,HMG20A
,,MAN2A1
,,MICAL2
,,ZBED5
,,PCSK6
,,NCAM2
,,MRC1
,,GRID1
,,ABL1
,,ITGB2
,,HSPA8
,,CLDN11
,,VAV1
,,SATB2
,,ADK
,,SPIRE2
,,PHF21A
,,PTPRN
,,ZNF107
,,EP300
,,AUTS2
,,ADCY7
,,NFE2L2
,,PRKG1
,,CNTNAP3
,,OAF
,,SMAD3
,,DISP3
,,EFNB2
,,SOX30
,,ZNF853
,,LINC01301
,,CDON
,,TEAD1
,,GUCY1A2
,,NCKAP1
,,SAMD4A
,,ZNF329
,,BATF
,,SVEP1
,,PCAT6
,,NUDT4
,,BMPER
,,MUC12
,,MPZL1
,,EML4
,,DDX60L
,,CXXC5
,,TRPM3
,,ST6GAL2
,,KCNJ3
,,CNR1
,,MTF1
,,SNN
,,NCKAP5
,,GOLIM4
,,OAZ1
,,ZCCHC7
,,INPP5D
,,NPAS2
,,MB21D2
,,SUSD5
,,ZNF41
,,NEFH
,,KY
,,BSN
,,NCKAP1L
,,ANKRD35
,,ZFP1
,,STK33
,,JMJD1C
,,MSR1
,,NFKB1
,,LMBR1
,,BDNF
,,PRKCE
,,HCN1
,,TNFRSF21
,,STAT3
,,ELK4
,,XK
,,LINC01416
,,MAG
,,GAREM1
,,FCMR
,,VPS41
,,GABPA
,,UST
,,PCED1B
,,CCPG1
,,PTGFRN
,,JARID2
,,CABCOCO1
,,COX10-AS1
,,SH3BP2
,,MBD2
,,ARHGEF6
,,AHRR
,,RAPGEF4
,,ZNF75A
,,CHODL
,,NFIA
,,LINC00840
,,PKNOX2
,,PLCL2
,,DIO2
,,ADCY1
,,RAPGEF4-AS1
,,CSPG5
,,VSTM2L
,,PLEKHH2
,,ADAM33
,,BPTF
,,DCAF5
,,COBLL1
,,GRIN3A
,,ZNF281
,,HNRNPH3
,,NETO2
,,CFL1
,,HHEX
,,COCH
,,PRDM16
,,SYT13
,,LYN
,,PLK2
,,GLCE
,,ADARB2
,,FYN
,,KCTD15
,,ZNF263
,,THRB-AS1
,,SGPP2
,,KALRN
,,MEF2B
,,GRM8
,,PARP14
,,PPP2R2C
,,PRKCB
,,LINGO1
,,SLC8A1
,,ZNF423
,,KSR2
,,ZNF536
,,SLC5A11
,,COL8A1
,,BCAN
,,PITPNC1
,,STK26
,,HEPH
,,ZKSCAN7
,,NEUROD2
,,GNG4
,,SRF
,,LRRK1
,,COL11A1
,,NRXN1
,,RTN3
,,TPK1
,,STMN3
,,LGR4
,,KCNT2
,,DNAH7
,,TLE4
,,PNMA2
,,PCLO
,,MAGED1
,,EML5
,,SLIT2
,,KLHL14
,,LINC00511
,,CBFA2T2
,,ILF3
,,PAPOLG
,,ZSWIM2
,,CA7
,,ATP2A2
,,AGAP2
,,PTK7
,,KLF7
,,ZBTB16
,,DMAP1
,,GAS2L3
,,SMAD5
,,CALM1
,,CYTH4
,,ZNF548
,,TSPAN12
,,ZBTB7B
,,CEACAM21
,,CPB1
,,LINC00648
,,ATP6V1H
,,NPM2
,,CFAP47
,,RBM20
,,ADRA1B
,,ITPR1
,,TFEB
,,CA3
,,ZNF789
,,CTCFL
,,FBXL16
,,ALK
,,ZFP2
,,KCNK1
,,ZNF124
,,SLC6A15
,,PTPRR
,,ZNF426
,,NF1
,,C4orf19
,,POU6F1
,,CLDND1
,,ZNF75D
,,ZNF736
,,HOPX
,,RBM22
,,LINC01426
,,MYRF
,,TRERF1
,,TESC
,,GNAO1
,,RPP25
,,SLC22A17
,,PRDM12
,,OR14I1
,,GPM6B
,,SLC9A6
,,SLC26A4
,,GNB4
,,HACD3
,,TET1
,,CLSTN3
,,MAP2K4
,,ZNF462
,,ARHGEF9
,,ABI2
,,ITSN1
,,TBX1
,,B3GAT2
,,SPRED2
,,MAL2
,,SLC9B2
,,ZNF717
,,ZFP28
,,LCOR
,,CCNJL
,,ZFP69B
,,FOXJ1
,,SMARCC1
,,ZNF706
,,KLF6
,,EIF1
,,ZNF630
,,PAX5
,,STMN1
,,ADGRB3
,,NFX1
,,SLC7A5
,,ASPH
,,FBXL2
,,EYA4
,,ONECUT1
,,RFX7
,,FXYD5
,,C1orf61
,,LHFPL4
,,PRKCG
,,PARP1
,,SPAG1
,,TRPC7
,,JPH4
,,GRINA
,,GAB3
,,SYT4
,,TNIP3
,,GPM6A
,,ARHGEF26
,,COL25A1
,,IL1R1
,,MKNK1
,,MAPK4
,,CCDC178
,,ASTN1
,,SIGLEC11
,,SOX9
,,RANBP17
,,EEF1A1
,,LMO7
,,ST6GAL1
,,ZNF737
,,NACA
,,ARHGEF3
,,RARA
,,GDNF-AS1
,,FOXJ2
,,GRIN2A
,,SAMMSON
,,KCNN1
,,KLF12
,,GTF2IRD1
,,SERTAD2
,,FLT3
,,STYK1
,,KANK4
,,FGF5
,,ABLIM1
,,GNG3
,,RCAN2
,,SNCAIP
,,SYT10
,,ANXA11
,,ZNF641
,,ADAM12
,,SMTNL1
,,FRMD4A
,,NTN4
,,LINC01202
,,IGFBP7
,,DIDO1
,,ARPC5L
,,XIST
,,A2M
,,ISG15
,,ZNF254
,,SIX1
,,MEGF8
,,ZFHX4-AS1
,,GTF3C2
,,B3GALNT2
,,KLHDC8A
,,AQP4-AS1
,,CEND1
,,FAM135A
,,ALPK1
,,B3GNT5
,,RAB34
,,CRIM1
,,SPIC
,,ZNF3
,,GRK3
,,FOSL2
,,LINC01098
,,EIF5A2
,,LRRC73
,,ZDHHC5
,,DNAJC21
,,ITPR2
,,RBM47
,,SPIB
,,CLOCK
,,SLC1A2
,,NCOR2
,,ANKDD1A
,,SP8
,,NANOS1
,,YAF2
,,TP53I11
,,ZNF354C
,,HIST2H2BE
,,ZKSCAN3
,,RHOBTB2
,,PDE8B
,,LILRB2
,,CD81
,,TTLL5
,,CCK
,,ZNF726
,,ZSCAN30
,,BRIP1
,,DCC
,,TRPS1
,,ZNF570
,,SP100
,,TIGD4
,,LINC00354
,,MEG8
,,UNCX
,,FST
,,ZFP62
,,TAF1L
,,CACNB2
,,PTH1R
,,ZNRF1
,,ZIM2
,,GSX1
,,LAMA1
,,PATZ1
,,ERICH3-AS1
,,RBPJ
,,POU2F1
,,C3orf67
,,KCNK9
,,LPAR5
,,SLC9A2
,,CTSS
,,EYS
,,ARHGAP26
,,ZDHHC23
,,SOX7
,,ARG1
,,HSPA6
,,SGMS1
,,EEF2K
,,NFYB
,,SOX4
,,MYO3B
,,COL5A1
,,ANXA8
,,EEF1A2
,,LINC00710
,,DISC1
,,SELENOP
,,KDM2B
,,SPP1
,,SALL1
,,ACTA1
,,KCNQ1OT1
,,DACH2
,,GRM1
,,TSPAN7
,,TSHZ1
,,CASC15
,,FSTL5
,,PIANP
,,LDHC
,,LINC01487
,,TMEFF2
,,PDGFD
,,LAMA2
,,KIF26A
,,FREM2
,,RASAL2
,,PRDM4
,,RAI14
,,EFR3B
,,MOB3B
,,SYCE3
,,IGFBP3
,,NRF1
,,ZNF397
,,ANO1
,,ARID5A
,,GMEB2
,,CERS2
,,DUSP14
,,RB1
,,SLC47A2
,,KCNAB2
,,RND3
,,CRYAB
,,CSF2RB
,,NMI
,,LIPG
,,NCALD
,,STX1A
,,SCN1A
,,GRM3
,,DGKH
,,PPP4R4
,,PRRT2
,,NSMF
,,FAM149A
,,FANK1
,,SULF1
,,MTF2
,,FEZ1
,,RPS11
,,ZFP36L2
,,RNF145
,,BNC2
,,NOD2
,,TUBB2B
,,SIM2
,,ZNF17
,,NXPE2
,,DAB2
,,HSPA1A
,,RSPO3
,,THOC2
,,EGR2
,,EPAS1
,,ESRRB
,,AFF4
,,TRPC3
,,CRB1
,,ADARB1
,,ZNF180
,,COL6A1
,,PEX5L
,,TRAF4
,,GNG12
,,DDX20
,,LINC01608
,,FIGN
,,CRYGN
,,GSK3B
,,VOPP1
,,HRC
,,SLC1A6
,,SIK2
,,NOL4
,,CA2
,,RTL1
,,ITGB2-AS1
,,GRIA1
,,ZNF677
,,KCNK2
,,UBL4A
,,LINC01053
,,PRDM8
,,LRRC49
,,TTC9
,,PBX2
,,BEX2
,,UBP1
,,ZSCAN12
,,CHD2
,,ARHGEF12
,,UBASH3B
,,CPE
,,DLX6-AS1
,,SUSD4
,,HCLS1
,,PLAT
,,PVALB
,,TMEM196
,,PTER
,,SIRPB2
,,LRBA
,,CRMP1
,,LUM
,,ZNF275
,,NUAK1
,,NREP
,,NR3C2
,,LINC01509
,,RNASEK
,,ARHGDIB
,,RPGR
,,CDH2
,,NUCB1
,,THRA
,,HDAC10
,,SLC16A12
,,SLC24A3
,,GPBP1L1
,,SPTSSB
,,U2AF1
,,F11
,,TBC1D9
,,ATP8A2
,,GTF2B
,,ST18
,,LUZP2
,,ITGAM
,,LCN12
,,ROBO2
,,TGFBR1
,,CPEB4
,,GJA1
,,ZFP92
,,OSBPL8
,,THSD7B
,,HAS2
,,MTUS2
,,BCR
,,TACC2
,,TSPAN8
,,SSUH2
,,TSC22D4
,,SDK2
,,TMTC2
,,PPP2R1A
,,PREX2
,,R3HDM1
,,LRRC9
,,NEGR1
,,ERICH2
,,MAP3K5
,,CELF3
,,SMAD6
,,PRLHR
,,PFN2
,,H2AFZ
,,TIA1
,,RGMA
,,ZNF8
,,ANTXR1
,,PHACTR2
,,KIAA1324
,,ENG
,,PHLDA2
,,SEMA5B
,,BAIAP2
,,ASPSCR1
,,SNTG1
,,TFAP2D
,,GAPDH
,,ATF7IP2
,,STXBP5-AS1
,,DLX1
,,ISL2
,,SYPL2
,,MAPK8
,,TDRD9
,,DSCAS
,,FGF16
,,TIMP3
,,CNGB1
,,ENTPD1
,,APOL3
,,UBE2E3
,,AAK1
,,CD84
,,COLEC11
,,ZNF273
,,P4HB
,,OLR1
,,DHX36
,,LRRC25
,,TFEC
,,CD163
,,DNMT3A
,,ANO6
,,INPP5F
,,SMAD2
,,ZNF665
,,BTG4
,,CD53
,,ARHGAP29
,,LINC01006
,,PRDM6
,,EGFR
,,VEZT
,,IQSEC1
,,RAB13
,,RPS26
,,RBM17
,,ZNF696
,,ATF5
,,LINC01397
,,FAM169A
,,HMG20B
,,GALNTL6
,,SYP
,,KCTD12
,,C11orf96
,,TLR4
,,HPCAL1
,,TARID
,,RPS12
,,HSPB1
,,ZNF780B
,,ERBIN
,,ZBTB1
,,CDKN2D
,,IQCH-AS1
,,NR2E1
,,LEF1-AS1
,,NR2F2
,,TMEM132E
,,TRPM2
,,CEBPD
,,FMNL2
,,MLLT3
,,CEMIP
,,TMEM71
,,GCH1
,,RASD1
,,VEZF1
,,IRF5
,,CDH22
,,SLC36A1
,,LRMP
,,FAM49A
,,KIT
,,EMID1
,,ZNF680
,,DDX60
,,RBFOX3
,,PRDM11
,,MYO5B
,,TRMO
,,GRIN2C
,,SPI1
,,DCDC2C
,,FGF9
,,ATP8B4
,,MAFG
,,ZNF655
,,SEMA3E
,,ADGRV1
,,NDFIP1
,,TTN-AS1
,,FOXO3
,,AQP4
,,NXPH2
,,ZNF610
,,CDH18
,,ABHD8
,,LINC02240
,,ZNF790
,,TBC1D30
,,ABCC8
,,ZIC4
,,SGCD
,,MT1E
,,DOCK2
,,SEZ6L2
,,OPRK1
,,ATP6V0D2
,,EDAR
,,BICC1
,,EGFL6
,,ZNF98
,,CFAP65
,,KCNC1
,,CNTNAP1
,,TRIB1
,,RPS15A
,,DPF1
,,MAPK8IP2
,,RFXAP
,,CHST7
,,ZNF580
,,DLGAP4
,,KCNQ1
,,LIN28B-AS1
,,DNM1
,,NKX2-8
,,ATF6
,,SLC5A3
,,MIR646HG
,,OSR1
,,CASC18
,,CGNL1
,,IL18
,,ZNF765
,,SLC41A2
,,SLC19A1
,,KANK1
,,APP
,,PDXP
,,PNMA1
,,EPB41L4A
,,GADD45A
,,TMSB4X
,,CERS5
,,GRM7
,,DYSF
,,GPR158-AS1
,,DHRS3
,,ERGIC1
,,LHFPL2
,,MME
,,MIR99AHG
,,EDIL3
,,ZNF510
,,E2F6
,,ABHD3
,,LINC01170
,,PURA
,,GPR162
,,E2F4
,,CYSTM1
,,LINC01088
,,IL24
,,NHLH2
,,NXPH3
,,FBXO16
,,DCAF6
,,SF1
,,CD59
,,C1orf54
,,NGFR
,,CTCF
,,LGALS1
,,SAMSN1
,,APLP1
,,DNAJB1
,,GAD2
,,ZNF76
,,VWF
,,TLL2
,,PLCL1
,,PLXNA2
,,ADAM19
,,ATXN8OS
,,KLHL29
,,LAMB3
,,CHST15
,,ZNF266
,,SPRY4
,,SLCO2B1
,,TCTEX1D2
,,RAP2C-AS1
,,STAT4
,,PROK2
,,ELF1
,,CPM
,,IFI44L
,,HS3ST5
,,PHF8
,,BAIAP3
,,SKAP2
,,TNS3
,,ATOH7
,,CPNE5
,,EFCAB5
,,NEDD4
,,LHX2
,,FBLN7
,,MYH7
,,CNOT2
,,ZNF430
,,ZNF121
,,RUNDC3A
,,CDK5R1
,,RCSD1
,,LRRC32
,,ZNF215
,,FN1
,,ANOS1
,,ADAMTS9-AS2
,,MAPK12
,,CEBPA
,,ZNF146
,,NHLH1
,,ZNF678
,,ZNF257
,,MEOX1
,,ATF2
,,KIF22
,,ELAVL2
,,PARVB
,,EZR
,,MYO1F
,,RP1L1
,,DACT2
,,TLR5
,,HHATL
,,ARHGAP42
,,SST
,,RAB9B
,,CLEC2A
,,C5orf64
,,HMGB3
,,SLC30A10
,,C11orf65
,,CELF5
,,TRIM22
,,XYLT1
,,TSPOAP1
,,RPL41
,,KLHL32
,,SEMA3F
,,RPRML
,,OVOL2
,,ANGPT2
,,ZNF583
,,CLSTN2
,,VRK2
,,PAX3
,,PLEKHO1
,,ZNF780A
,,B2M
,,ZNF267
,,KIF17
,,FHOD3
,,MDM2
,,ALOX5
,,TGFBR2
,,TGIF2
,,ANKRD30B
,,STEAP4
,,AKAIN1
,,GRIA3
,,CYFIP1
,,MORC1
,,COL24A1
,,GRAMD1B
,,GSX2
,,KCNK10
,,CENPP
,,TSHZ3
,,SLC4A1
,,CDK5R2
,,APOL6
,,ZNF284
,,RASSF3
,,CCL3L1
,,LMO2
,,PIN1
,,BEX5
,,TPTE2
,,STAU2-AS1
,,VPS72
,,YY2
,,ARID3B
,,TOLLIP
,,GIMAP8
,,PHF21B
,,ABRACL
,,KCNC2
,,CHRDL1
,,MAMLD1
,,QRFPR
,,ITGA7
,,DDAH1
,,ZNF24
,,HNRNPUL1
,,KCNJ4
,,DMRTC1
,,TDRD1
,,MYEF2
,,ZBTB14
,,ZNF705G
,,STXBP6
,,SCIN
,,CPED1
,,PNPLA5
,,LSAMP
,,RASGRF2-AS1
,,DMRTA2
,,NR2F6
,,ZNF28
,,TLR2
,,AADACL2-AS1
,,ABCC3
,,SLC35F3
,,MNT
,,IL16
,,RPL15
,,ITGB5
,,MBOAT1
,,MAP4K3
,,ZNF652
,,GPC4
,,PLAGL2
,,CRADD
,,ZBBX
,,TMTC1
,,C2CD5
,,ELL2
,,POU3F1
,,ZNF749
,,TMEM130
,,TBXAS1
,,TNFRSF10B
,,ZNF618
,,FOLR3
,,PDE11A
,,KCNK13
,,LHX6
,,INSM2
,,DSE
,,NRN1
,,STAT5A
,,PALLD
,,NR5A2
,,S100Z
,,PTMS
,,NR1H3
,,ZNF654
,,TRIM6
,,RNLS
,,ACSBG2
,,CLVS2
,,NUP133
,,ATXN7L1
,,CMTM7
,,PRDM1
,,ZNF45
,,FBN2
,,CARD10
,,ITGAX
,,DKK3
,,LY75
,,PLXDC2
,,LIN28B
,,LSM6
,,ASPN
,,SYT17
,,ZNF280A
,,KIF3C
,,STARD13
,,KLF10
,,ZSWIM1
,,KCNK4
,,GPD1
,,TLN2
,,HAR1A
,,CHST9
,,HK1
,,CCND2-AS1
,,ZNF70
,,LINC00297
,,ZNF444
,,NFATC4
,,DENND2D
,,ZNF175
,,DMRT3
,,STAT6
,,ZNF334
,,SREBF2
,,PHF1
,,PIK3AP1
,,PDE7B
,,GRHL2
,,LINC01060
,,ZNF579
,,LCLAT1
,,ERBB4
,,TCF23
,,CLMP
,,ANKRD31
,,MYOM1
,,UBL5
,,FLT1
,,ZNF165
,,MERTK
,,TCEAL1
,,JUN
,,B4GALT1
,,TNFSF12
,,GLP1R
,,NEFL
,,HLA-DRB1
,,FBXO32
,,GAS6
,,SERPINA3
,,KLHL23
,,RGS12
,,ZNF587B
,,GRAMD1C
,,RXRA
,,RAP1GAP2
,,GPC6
,,S100A1
,,TPI1
,,SNAP25-AS1
,,MAZ
,,NRG4
,,STEAP2
,,ZNF385A
,,INPP4B
,,CREM
,,RHOBTB1
,,ADGRB1
,,DLGAP2-AS1
,,WDFY4
,,MIR4300HG
,,DIAPH2
,,ZNF280B
,,UBA52
,,ENO1
,,ZNF562
,,PAMR1
,,AGBL1
,,MALRD1
,,DMC1
,,ERI3-IT1
,,GDNF
,,NXN
,,ACVR1C
,,NT5DC1
,,DENND3
,,NEUROD6
,,TOPORS
,,ODC1
,,YWHAG
,,CNRIP1
,,CES5A
,,SRRM3
,,ZNF18
,,TBX21
,,DLGAP3
,,ABLIM3
,,CLEC2L
,,LOXL3
,,DEAF1
,,MCOLN2
,,SPON2
,,TSPYL1
,,SLC27A6
,,MAPK1
,,S100A6
,,RASSF10
,,PDE1C
,,LYSMD2
,,CSRNP3
,,PIK3R3
,,LILRB4
,,SLC1A3
,,ZNF501
,,MFGE8
,,TTC8
,,GPRC5C
,,MAMDC2
,,FNDC4
,,FMNL1
,,MMRN1
,,ZNF256
,,MAGI2
,,DOCK11
,,NECAB1
,,NEAT1
,,FOXG1
,,MATK
,,EDN1
,,LURAP1L-AS1
,,APOL2
,,RGS18
,,SYTL2
,,TMEM14A
,,C3
,,KLHL1
,,CDH20
,,PTPRC
,,RAB20
,,FAS
,,ZNF486
,,UBC
,,LILRB1
,,PRKCH
,,RPL26
,,ZNF730
,,SOX21
,,LINC00271
,,ETV6
,,CALY
,,EN2
,,POLR2A
,,TESK2
,,ZNF684
,,ANKS1A
,,LRRC2
,,GABRG2
,,NEBL
,,ZNF616
,,RBM3
,,SPATS2L
,,XAF1
,,PCOLCE2
,,RORB-AS1
,,MIR3142HG
,,BMP2K
,,TBL1X
,,CDH4
,,RSPO2
,,ZNF419
,,PAG1
,,TMEM212
,,HNRNPC
,,ZNF480
,,VLDLR-AS1
,,SP110
,,ADRB1
,,PKM
,,PLA2G4A
,,EHF
,,FSTL1
,,GPR63
,,LINC01090
,,REEP2
,,ECEL1
,,KCNH3
,,ZNF84
,,SAT1
,,ZNF662
,,NFXL1
,,ESRRA
,,AHCYL2
,,CPEB2
,,SNPH
,,ABCB1
,,EPHA5-AS1
,,RNF165
,,GRIK3
,,SETDB1
,,ZNF311
,,ZNF710
,,ZNF135
,,MIR4435-2HG
,,PRKAR1B
,,SKP1
,,NUDT11
,,ZNF518A
,,INSIG1
,,AXL
,,CRTC3-AS1
,,ZNF467
,,FAM13A
,,PRKAG2
,,ROBO4
,,ACTN1
,,CD274
,,CREB3L4
,,FILIP1
,,SAG
,,HNRNPA0
,,NOD1
,,LINC00996
,,CARF
,,SLC6A13
,,DYNC1I1
,,SDS
,,MNX1
,,ZNF611
,,DPEP2
,,IFIH1
,,SLC7A1
,,RIMS3
,,CNTNAP4
,,SAP18
,,SRGAP3
,,SNAI2
,,PBX3
,,AKAP13
,,AHNAK
,,OLA1
,,TPBGL
,,LY86
,,LINC01516
,,ZBTB45
,,MYBPC1
,,AGBL3
,,TRIM21
,,BHLHE41
,,RPS23
,,C6orf223
,,ZNF33A
,,HMGA1
,,NR0B1
,,ATP6V0C
,,TAGLN
,,RXRB
,,ZMAT3
,,C22orf24
,,ARHGAP25
,,GABRG1
,,GPRASP1
,,LMCD1
,,PPP1R1C
,,DUSP1
,,CCDC88C
,,CR1
,,ARHGAP36
,,LINC01340
,,ZNF12
,,ZNF362
,,ZNF451
,,PGK1
,,LINC00841
,,MS4A7
,,ZNF285
,,KCNH4
,,ZNF74
,,ITGA8
,,SEZ6L
,,PUDP
,,TIGD1
,,ZSCAN31
,,FGF13
,,CSTF2
,,DHRS9
,,ABLIM2
,,FOXF2
,,CDH19
,,BTBD11
,,CDH23
,,CNIH3
,,DCX
,,LINC01572
,,SCOC
,,FOXP2
,,SPATC1
,,UTP18
,,LINC01132
,,YY1
,,LYL1
,,PALM
,,COL4A2
,,ABCC9
,,CCDC150
,,RNF175
,,GBP3
,,GSTCD
,,GPANK1
,,ZBTB10
,,FBN1
,,SLC6A11
,,FEZF2
,,IQSEC2
,,ASB18
,,LURAP1L
,,QPCT
,,PSEN2
,,ZNF469
,,LINC01583
,,COTL1
,,RPS24
,,FTCDNL1
,,MIR100HG
,,EGR1
,,PSMA1
,,CLK1
,,NHS
,,ARHGAP15
,,SIPA1L2
,,PRSS3
,,KIFAP3
,,PCSK1N
,,PROX2
,,RPH3A
,,LINC01137
,,NME2
,,RHOH
,,ZNF561
,,ZNF530
,,ARHGAP44
,,EPHA7
,,ZNF776
,,SEMA4B
,,ZNF202
,,CDH6
,,IRF8
,,SLC12A7
,,ZNF507
,,DKK2
,,COL21A1
,,PALD1
,,TPRG1L
,,BAALC
,,HPGDS
,,CD34
,,PLEKHS1
,,SRGAP1
,,SPTLC3
,,CLIC5
,,TRAK1
,,STAT2
,,LEKR1
,,SOX1
,,COL1A2
,,GNG2
,,ZNF274
,,C12orf75
,,STK32B
,,PTPRK
,,SLCO4C1
,,GPR160
,,TMEM163
,,PPP2R2B
,,GZF1
,,CEBPG
,,HIC2
,,DPYD
,,ITGA11
,,ADTRP
,,ASCL2
,,IRF9
,,AQP1
,,ASB9
,,TMEM108
,,VWA2
,,SIPA1L1
,,CHST11
,,TCEAL6
,,ZCCHC18
,,ARHGAP31
,,PALMD
,,ENSA
,,ZBTB6
,,ADAMTSL1
,,OPALIN
,,SRGAP2C
,,ZMAT4
,,BCL6B
,,KYNU
,,FOSB
,,C5orf66
,,LYNX1
,,PPP1R17
,,ELOVL7
,,HIVEP3
,,CYS1
,,GRM4
,,DUSP4
,,DCBLD1
,,GLUL
,,LINC00877
,,OPCML
,,MBNL2
,,TTC6
,,IFI44
,,MAEL
,,USH1C
,,TXK
,,NEFM
,,EYA1
,,ANTXR2
,,ZNF623
,,ATP2B4
,,TSHZ2
,,RARRES2
,,PRTG
,,RPL38
,,GPC1
,,GGT5
,,HSPH1
,,PHF2
,,CTXN1
,,FAM155A-IT1
,,POT1-AS1
,,SPTBN2
,,ZNF787
,,F3
,,CD33
,,ZNF365
,,GLT8D2
,,SERPINB8
,,OLIG1
,,TRIB3
,,GFOD1
,,DSP
,,LY6E
,,DICER1
,,ZNF232
,,LINC01622
,,FOXN2
,,KBTBD11
,,PTGS2
,,DRGX
,,PLSCR1
,,TCEAL2
,,CACNA1B
,,DSTN
,,ONECUT2
,,HSPB8
,,KCNN3
,,MAX
,,BSG
,,SETBP1
,,WT1
,,WIF1
,,FOXK2
,,LINC00862
,,EFCAB2
,,PDZRN4
,,FANCC
,,MKX-AS1
,,PIK3R5
,,C12orf42
,,NEUROD1
,,CX3CR1
,,SNX10
,,APOBEC3C
,,RPL23A
,,NFKB2
,,IFIT2
,,SCRT1
,,ACTN2
,,RNF144B
,,CTBP1
,,PROM1
,,CLEC7A
,,SOX17
,,CCDC57
,,SLC6A6
,,RGS5
,,RUNX1
,,ITGA5
,,RBBP9
,,PLA2G7
,,ZNF671
,,PTGER3
,,PACS1
,,ZFP42
,,ZNF461
,,TRPV2
,,GPSM3
,,TMEM120B
,,RPL18A
,,TG
,,ERF
,,SCN11A
,,CTSH
,,HUNK
,,VSTM2A
,,TPD52L1
,,SEMA3G
,,SNAI1
,,ZNF112
,,ZNF322
,,MXD3
,,F13A1
,,YOD1
,,ROBO1
,,RPL22
,,PODN
,,XBP1
,,NKX6-3
,,BIRC3
,,LINC01094
,,COL18A1
,,LINC01010
,,VGLL3
,,DCHS2
,,TYR
,,MAP3K13
,,ZNF233
,,MND1
,,FGD2
,,CAMK1G
,,CREB3L1
,,DGKK
,,ZBTB17
,,CSF3R
,,BIN2
,,TCFL5
,,TMEM164
,,ADAMTS9
,,TRIM28
,,TEF
,,BACE2
,,ZNF79
,,ARHGAP24
,,P2RX5
,,CCNH
,,LINC01792
,,NRSN2
,,WNT3
,,CLVS1
,,ANKRD18A
,,MITF
,,B4GAT1
,,LINC01351
,,WNT2
,,MKX
,,MS4A1
,,ZNF860
,,RLBP1
,,NME9
,,SP7
,,SLIT1
,,CPB2-AS1
,,EFHC2
,,FAM20A
,,KLF16
,,ITGA3
,,LRRC4
,,IRAK3
,,CHD5
,,ENO2
,,GEM
,,SRRM4
,,GAS2L2
,,SDK1
,,BARD1
,,CD37
,,MAP3K8
,,OPRM1
,,INSYN2B
,,BMPR1B
,,ZNF674
,,ZNF525
,,CFAP52
,,RAB26
,,CIC
,,ZNF704
,,CD69
,,GABRD
,,ATP1A1
,,PACSIN2
,,DLX6
,,DLC1
,,GRIP2
,,CABP1
,,OLIG2
,,PPARGC1A
,,ZNF367
,,CLEC19A
,,ZSCAN22
,,LIPE-AS1
,,CDH12
,,THBS4
,,FOXF1
,,MYO16
,,THSD4
,,IPCEF1
,,TERF1
,,DNMT1
,,NCEH1
,,SIRPA
,,KLF5
,,EFHD2
,,TTC26
,,ZCCHC14
,,ABCB4
,,CNOT3
,,ACSBG1
,,KCNMB4
,,TEX15
,,GATA3
,,EXPH5
,,TPM2
,,ZNF239
,,TESMIN
,,ZFP91
,,ZNF385D
,,DGCR8
,,CLIP3
,,SPON1
,,ANXA2
,,ZNF213
,,TFAP2E
,,FLT4
,,GLDN
,,SIRT6
,,ZNF721
,,SGCG
,,KCNIP1
,,DYNC2H1
,,LGR6
,,NEK6
,,SEMA4A
,,FLVCR2
,,KLF17
,,LINC01630
,,JUND
,,MIR3663HG
,,HHIP
,,UNC13B
,,FAM71F1
,,NAP1L3
,,COPS9
,,KCNQ2
,,NONO
,,MFSD2B
,,SOAT1
,,ATF6B
,,GAD1
,,CCDC141
,,EPHB1
,,SERTM1
,,GFRA2
,,PLEC
,,CTNND2
,,SMYD3
,,POU2F3
,,MYO1G
,,LRRC63
,,ENOX2
,,MYT1L
,,KIAA0513
,,BTC
,,ZNF564
,,SYT5
,,GTF3A
,,SERPINE1
,,ZNF595
,,GPR17
,,RPL3
,,ZAR1
,,SLC38A11
,,SPEG
,,CBFB
,,TTC9B
,,ZNF746
,,FAIM2
,,DAZAP1
,,FEZF1
,,TNFRSF1B
,,ZNF578
,,GYPC
,,PRLR
,,MTPN
,,NFIC
,,ABCG2
,,PLCXD3
,,NMNAT2
,,BRCA2
,,ZBTB39
,,WNT2B
,,SLC26A7
,,MXD1
,,ZNF160
,,AOAH
,,S100B
,,GGT7
,,ZNF248
,,KLF4
,,ATL2
,,MXI1
,,SCN9A
,,TMEM182
,,RUNX3
,,SRGAP2B
,,GXYLT2
,,TGIF1
,,DISP1
,,NDST3
,,VEGFC
,,LRRC8B
,,TMEM204
,,ZNF441
,,COLEC10
,,ZNF621
,,MEI4
,,FAM135B
,,MAGEF1
,,ALX3
,,SLC22A9
,,MSI2
,,C1QC
,,ITGA6
,,HGSNAT
,,ZNF764
,,LY6H
,,STPG2
,,RPS6KA6
,,LINC00092
,,GIMAP7
,,TFAP4
,,SMAP2
,,NPDC1
,,CDKN2A
,,TMEM38A
,,DBX2
,,CD83
,,ARL5C
,,ST3GAL1
,,CREBZF
,,ZNF836
,,FIRRE
,,PRSS16
,,MBNL1
,,FZD6
,,TBX4
,,ZNF343
,,FOXL1
,,NR2C1
,,IGFBP5
,,PPFIA4
,,MT1M
,,CERS4
,,GNAL
,,CTSB
,,PLEK
,,KBTBD12
,,NUP107
,,TIAM2
,,ABTB2
,,H1FX
,,MAPT-AS1
,,CRIP1
,,SLC17A6
,,HMCN1
,,SLCO2A1
,,SCML4
,,EMB
,,SLC4A7
,,LINC01141
,,HDAC1
,,FHL5
,,RIN3
,,TSPYL2
,,ZSCAN9
,,ZNF225
,,PLCE1
,,TMEM154
,,TBP
,,SH3RF3
,,OTX2
,,CATSPERE
,,VAMP2
,,HOXA3
,,KIAA1549L
,,PKN2-AS1
,,CIT
,,EPB41L5
,,TNF
,,ZNF417
,,HKDC1
,,GREM1
,,ADAM28
,,PSMD12
,,KIRREL3
,,HSPA1L
,,BATF3
,,HSPA12A
,,GIT2
,,CX3CL1
,,CD55
,,ARHGEF17
,,SOX6
,,SDCBP
,,HIPK4
,,GALNT3
,,SELPLG
,,VENTX
,,PALM2-AKAP2
,,SLC1A5
,,RELA
,,PRMT8
,,HLX
,,MYL3
,,SPACA3
,,ZNF181
,,L3MBTL3
,,ZNF563
,,MXD4
,,SIX4
,,RREB1
,,CRHR2
,,PEG10
,,LINC01268
,,E4F1
,,1-Mar
,,KNDC1
,,ZNF574
,,METTL24
,,CLEC4G
,,COL9A1
,,FGF20
,,STX11
,,ZNF799
,,SLC2A3
,,ATCAY
,,MYC
,,DEPDC1B
,,IL1B
,,ZNF582
,,ZNF707
,,PIFO
,,KDM2A
,,TMEM200C
,,SLC4A8
,,IRS2
,,SRGN
,,APBB1IP
,,ACO1
,,RPL29
,,ZNF567
,,ZNF624
,,MMP17
,,HS3ST1
,,SOX8
,,EBF1
,,ZNF670
,,GALNT13
,,XKR9
,,ZSCAN5B
,,ZNF440
,,SP140L
,,LAMA4
,,FOXD1
,,ST6GALNAC3
,,APOD
,,KCNS3
,,YWHAE
,,TMED3
,,CARD18
,,MAP4K2
,,SHISA2
,,ZNF555
,,RPS5
,,GRB10
,,ZPBP
,,MYH11
,,RHOU
,,LINC01184
,,THEMIS
,,BTLA
,,CYBB
,,RAD9A
,,MEIS3
,,PAPSS2
,,RFTN1
,,MFAP5
,,GDA
,,KMT2B
,,GATA2
,,C2orf50
,,ACTB
,,PID1
,,TFAP2C
,,ZSCAN5A
,,KDR
,,NPPB
,,GBP2
,,GTF3C5
,,IKZF4
,,EMILIN2
,,GTF2F1
,,ZNF33B
,,AMMECR1
,,KCND3
,,CHRM5
,,LINC01358
,,ZIC5
,,FAM3C
,,LINC00323
,,LINC01412
,,RASGEF1C
,,CASP4
,,KAT7
,,CEBPB
,,ROS1
,,CEBPE
,,SPATA5
,,SOHLH1
,,ADAMTS16
,,RNF217-AS1
,,TRIM38
,,PAX6
,,ANK1
,,APCDD1
,,RXFP1
,,ACTA2
,,RAB11FIP1
,,ZNF445
,,MFSD2A
,,GHR
,,ARHGAP8
,,MAGOH
,,LIN28A
,,ZBTB40
,,WFDC1
,,ARHGAP18
,,SPATA22
,,FOXP3
,,TAF1A
,,ZNF566
,,VEGFA
,,PRKG2
,,DNAI1
,,CACNB1
,,ZNF813
,,ZNF195
,,ST5
,,TAGLN2
,,PYGL
,,ZNF511
,,SLC2A10
,,ITGB4
,,ZC3HAV1
,,ZCCHC17
,,COL6A3
,,SHC3
,,RAD21L1
,,PPP1R1B
,,IGF2BP3
,,PYCARD
,,IGSF3
,,TPT1
,,TMEM47
,,RBM7
,,MRC2
,,ZNF319
,,TSNAX
,,PJA2
,,ZNF701
,,CSMD2
,,AZIN2
,,HS3ST3B1
,,LINC00343
,,CCL4L2
,,TNFSF10
,,ARX
,,ZNF557
,,MMS22L
,,ADAMTSL2
,,EDNRB
,,CABLES1
,,P2RY12
,,CDH9
,,BCL11B
,,SMUG1
,,BAALC-AS1
,,JRK
,,CFAP161
,,FAM160A1
,,MFSD4A
,,RFPL2
,,COLEC12
,,ITPRIPL2
,,TFRC
,,ZNF781
,,C2CD2
,,PEG3
,,SLC15A2
,,CTXN3
,,CNDP1
,,LMTK3
,,DAGLA
,,TUBB4B
,,MTRNR2L1
,,LUCAT1
,,DISP2
,,ZBTB43
,,EEPD1
,,LRAT
,,NANOG
,,HMGN5
,,PAQR5
,,LEF1
,,SYNE2
,,TM6SF1
,,PITPNM3
,,FNTB
,,HMCN2
,,CALB2
,,MYCN
,,GABARAPL2
,,LHX9
,,CMKLR1
,,ADCYAP1
,,NCOA1
,,MID1
,,NQO2
,,ZNF32
,,ARRDC3-AS1
,,HDX
,,EGFL7
,,ZNF534
,,SMARCA5
,,ZNF208
,,FGF14-IT1
,,MATN4
,,DPP10-AS3
,,SATL1
,,GLI2
,,ZNF554
,,NR2F1
,,DR1
,,NPL
,,LHFPL3
,,PHYHIPL
,,GNB5
,,ITGA1
,,ADRA2A
,,FAM126A
,,GADD45B
,,LINC00472
,,DPH6
,,ARRB1
,,RPS19
,,PRUNE2
,,ORAI2
,,SYT12
,,BCAT1
,,PRIM2
,,ASGR1
,,ASIC4
,,PACSIN1
,,NPY5R
,,PTPRE
,,NTN1
,,EBF2
,,SLC14A2
,,ZNF234
,,CCND1
,,IRF7
,,SCX
,,UBE2K
,,IGF2BP2
,,LGR5
,,ZNF487
,,LINC01138
,,SLCO5A1
,,OPN3
,,GJB6
,,DUSP26
,,LINC01511
,,PCSK1
,,PCDH19
,,RTKN2
,,HTR7
,,PRR29
,,NFATC3
,,ZC3H12A
,,PHKA1
,,SOX18
,,TPPP
,,FBXL13
,,VAX2
,,SOX3
,,KIAA0825
,,NME5
,,C11orf49
,,ITGA2
,,TMEM255B
,,KLF15
,,DIPK2B
,,APOE
,,SLC16A9
,,RNF43
,,CD96
,,C2orf72
,,ZNF675
,,HSPA4L
,,SNCG
,,JUNB
,,CCDC171
,,NPAS4
,,SESN1
,,ANKRD22
,,RNF180
,,YAP1
,,TESPA1
,,RYR1
,,ZNF436
,,TMEM26
,,MT3
,,CCDC26
,,CCDC39
,,BBX
,,COL5A2
,,MLPH
,,APOLD1
,,TUBA1B
,,ASCC1
,,BMP5
,,APOBEC3F
,,PROX1-AS1
,,ANKRD30A
,,ZSCAN32
,,PTPRZ1
,,ZKSCAN5
,,DOCK6
,,KCNE3
,,CELF2-AS2
,,PRDM15
,,ZFYVE28
,,S1PR1
,,AJAP1
,,CFHR4
,,RGS4
,,DNAH12
,,TRIM58
,,TNFSF13
,,BLCAP
,,CASC1
,,FXYD1
,,HHAT
,,KLF2
,,KCP
,,ZNF366
,,ARSJ
,,ZNF133
,,STK32A
,,LINC01278
,,TCF7
,,JRKL
,,CEP170B
,,SLCO1C1
,,SORBS2
,,TFPI
,,HMGCR
,,FOXP4
,,C4orf47
,,HLA-DPB1
,,TP53
,,HSF1
,,MIR181A2HG
,,PARP12
,,CSF1R
,,NPTX1
,,NMT2
,,ZNF264
,,PARVG
,,CYB561
,,GRHL3
,,RBMS3
,,GRIN1
,,VWC2L
,,CISTR
,,PARD3B
,,ESR1
,,RGS1
,,SCARA3
,,CACNB4
,,SYT1
,,DGAT2L6
,,ITGA9-AS1
,,JAM2
,,ADCY4
,,TEAD4
,,ZNF845
,,DIRAS1
,,DOC2A
,,CAMK2N2
,,NFE2L1
,,FBLN5
,,LRGUK
,,CYP1B1
,,CFP
,,RASGRP1
,,CAMKV
,,PPP3R2
,,ENTPD1-AS1
,,ZNF668
,,SMARCC2
,,ADRA2C
,,CD14
,,EMX1
,,NOS3
,,ERAP2
,,F11-AS1
,,NID1
,,GTF2A2
,,LINC00649
,,YBX3
,,NIPAL2
,,FAM225B
,,FBXL19
,,MX1
,,LTF
,,FCGR3A
,,NMU
,,DCDC2
,,FFAR4
,,C1QTNF1
,,SLC45A1
,,FGFR3
,,ZNF785
,,ZNF740
,,TNKS2-AS1
,,NFATC1
,,LAMA3
,,ZHX3
,,PLPPR3
,,RPL36
,,E2F8
,,HGF
,,NSF
,,FCRL1
,,PTPRJ
,,ADAMTS15
,,EBF3
,,PAQR8
,,LINC00320
,,KCNH5
,,GOLT1A
,,RAD51AP2
,,NELFB
,,CCDC68
,,PDE4A
,,ELF5
,,UBXN1
,,MATN2
,,BATF2
,,ZNF282
,,MIR181A1HG
,,SNRK-AS1
,,ZNF770
,,ZNF688
,,RAB31
,,TFAP2A
,,ANKRD34C-AS1
,,DLX2
,,LMNTD1
,,DMRTC2
,,ZNF503
,,ZNF880
,,AKAP5
,,CDH5
,,PDZD4
,,SYNGR3
,,LRRTM3
,,ZNF772
,,BLNK
,,ZNF71
,,ROPN1L
,,HERC4
,,LINC01235
,,CAMK2G
,,ZSCAN21
,,PRRX2
,,ARHGEF25
,,ZBTB34
,,SHROOM3
,,ZNF415
,,EMX2
,,GFI1B
,,ZNF777
,,CXorf21
,,IRX3
,,TCF3
,,CHAMP1
,,COL26A1
,,MOB1B
,,C9orf135
,,SCRT2
,,IKZF2
,,APC
,,HERC6
,,HIC1
,,PLXNC1
,,KANK2
,,GPR137C
,,TRIP10
,,NLRC5
,,DIAPH3
,,CAMKMT
,,GLYATL2
,,HCFC1
,,CYP39A1
,,TMOD1
,,ZNF720
,,ZSCAN1
,,STAB1
,,ENPP6
,,GALNT9
,,ABCF2
,,LDHA
,,SARAF
,,BCL3
,,ZNF627
,,FGF11
,,CASP7
,,ABCC4
,,DDX10
,,DMRT2
,,ZNF251
,,WDR49
,,PCDH8
,,CFAP61
,,SLITRK3
,,IQGAP2
,,SLC6A12
,,ITPKB
,,SH3D21
,,ZNF682
,,DES
,,FAM162B
,,FAM226B
,,UBE3D
,,NAPB
,,DENND5B-AS1
,,CALB1
,,FCGBP
,,ICAM5
,,CHRNB2
,,SUN1
,,SFTA3
,,MAP1LC3B2
,,RNF187
,,ARNTL2
,,MYL6B
,,SP6
,,MYRFL
,,TBPL2
,,SLA
,,MGA
,,ADAMTS6
,,ZFPM2-AS1
,,SALL2
,,SEL1L3
,,GALNT15
,,TMEM155
,,ZNF667
,,SUB1
,,OGFRL1
,,MNDA
,,MYL9
,,RASSF5
,,ZNF250
,,LINC00844
,,ZNF442
,,PABPC5-AS1
,,SLC4A11
,,TAL1
,,PLEKHG4B
,,DGKZ
,,PLA2R1
,,HIF1A
,,PELI2
,,IL15
,,SLC45A4
,,CD74
,,SLC40A1
,,TTN
,,ADCY8
,,PLP1
,,ADAM7
,,SULF2
,,CTNNA2
,,PRRT1
,,ITGA9
,,TXNIP
,,CACNG8
,,NETO1
,,NEK5
,,PLA1A
,,SPNS3
,,ZNF85
,,FLI1
,,GBE1
,,CERS3
,,OLFML3
,,C7orf50
,,TMSB10
,,ANO5
,,SYCP2L
,,FAP
,,ARHGAP10
,,PTGER4
,,ZNF491
,,SOCS2
,,MAGED4
,,FAM81B
,,GMPR
,,CDH1
,,RBM42
,,ZNF695
,,ZNF543
,,DPYS
,,MIR124-2HG
,,P2RY14
,,GLI4
,,SLC8A2
,,GJC1
,,P2RY13
,,ABCA10
,,TGFBI
,,GRIK2
,,KRAS
,,ZNF517
,,NMRAL1
,,SUCLG2-AS1
,,IL21R
,,HECTD2
,,CLDN10
,,ETS2
,,SRGAP2
,,IMPA2
,,TMEM132C
,,ADCYAP1R1
,,NOSTRIN
,,ZNF43
,,LINC01119
,,WNT8A
,,PLXDC1
,,FOXQ1
,,ING3
,,VSTM5
,,IFITM3
,,SNAI3
,,ZFP82
,,RASGRF1
,,SMARCA1
,,ELOVL2
,,DYNLL1
,,GAPT
,,CYSLTR1
,,RBM8A
,,ELF3
,,OSMR
,,HELZ2
,,CACNG4
,,SRD5A2
,,CDKN3
,,ZNF93
,,MROH7
,,HBA2
,,SP5
,,KCNJ16
,,BHLHE40-AS1
,,SYCE1
,,PODXL2
,,KCNMB2
,,IKZF1
,,CCDC3
,,SNRPN
,,SLC16A14
,,SKA3
,,GPRASP2
,,ABHD18
,,CRISPLD1
,,NSG1
,,LINC01091
,,ZNF30
,,UNC5A
,,FCRL5
,,GAR1
,,RUNX1T1
,,HAS2-AS1
,,NR2F2-AS1
,,TBX19
,,MIR2052HG
,,ZNF143
,,FOXO4
,,KCNA1
,,GOLM1
,,RAC2
,,TIGD3
,,RPS3
,,RPL28
,,GALNT18
,,AMZ1
,,TWIST1
,,USF2
,,THBD
,,SPRN
,,PCDH17
,,ANO4
,,DDX43
,,TTC39A
,,ALX4
,,ACAN
,,SMYD2
,,DUBR
,,TUBB
,,SNRNP70
,,PKIB
,,SPATA13
,,PGR
,,NEK11
,,SCD
,,VWC2
,,ZNF766
,,TENM2
,,PIK3R6
,,ATP6V1B2
,,DLEC1
,,ZNF131
,,EPB41
,,CLECL1
,,CLCF1
,,ETV7
,,TRAF3IP3
,,TNFAIP8L1
,,GATA6
,,PPARD
,,ZNF236
,,SAMD12
,,ARHGEF15
,,KCNB1
,,SOX14
,,FGD6
,,GREM2
,,ZNF493
,,NXPH1
,,C8orf87
,,BAALC-AS2
,,ADAMTS19-AS1
,,MYBL2
,,MYLK
,,AP1B1
,,ZNF354A
,,EXO5
,,LRP2
,,HMOX1
,,ZNF91
,,PARD3-AS1
,,ZNF841
,,LAPTM5
,,DRAIC
,,ZNF626
,,NCAN
,,LINC01164
,,SP140
,,AKR1C3
,,FAM107A
,,RNF217
,,ROR2
,,IQSEC3
,,ANKRD9
,,LINC01099
,,HCG22
,,KCNA2
,,SEMA6B
,,NEDD9
,,ENTPD3
,,TMEM151B
,,CHGB
,,RASL12
,,CXCL12
,,PSD2
,,IL18R1
,,SERPINA5
,,MPP4
,,GFI1
,,SLC7A2
,,SRP9
,,FAR2
,,DHCR24
,,ZFP36
,,FTL
,,ZNF219
,,SATB1
,,VAV2
,,ATF3
,,TRDN
,,SAMD13
,,CCDC69
,,OTX1
,,ABR
,,BGN
,,AGMO
,,EOMES
,,CR2
,,RGS10
,,SLC13A5
,,PRNP
,,MSX1
,,PARP15
,,IHH
,,ATF4
,,PHF20
,,TMEM158
,,TTPA
,,IRF1
,,BCLAF1
,,RNASE6
,,ANKRD29
,,SVOPL
,,ZNF211
,,HES6
,,GPR179
,,ABHD2
,,ZNF227
,,GABBR1
,,SASH3
,,GAS2L1
,,RPL8
,,ANO2
,,PPARA
,,OVCH1-AS1
,,HS6ST1
,,ZNF414
,,SH2D3C
,,BRCA1
,,GABARAPL1
,,HMGCS1
,,ZNF44
,,ZNF528
,,SPA17
,,ZNF117
,,ZFP64
,,ZXDB
,,FCRLB
,,MOBP
,,OR52K1
,,FOXL2
,,PAX9
,,ADORA3
,,EGF
,,ZEB1-AS1
,,ADCY2
,,NLGN4X
,,ZNF114
,,VAMP3
,,AMER3
,,ZNF157
,,CALM2
,,EGR4
,,AGTR1
,,RNF114
,,ITM2B
,,HSPA1B
,,KLK10
,,NKX6-2
,,USP43
,,RGS14
,,CLDN5
,,EGR3
,,TBX2
,,HAP1
,,C5AR2
,,OTOGL
,,AP1S3
,,SNED1
,,AMIGO2
,,FATE1
,,CA4
,,COL27A1
,,DLL4
,,IL10RA
,,GPX3
,,TMEM33
,,P2RY1
,,NAB2
,,OR3A2
,,S100A8
,,TTC39B
,,ZNF843
,,TOB2
,,CARTPT
,,SNTB1
,,SLC1A4
,,C9orf129
,,NR4A3
,,PTPRB
,,APOL4
,,LRRN3
,,YJEFN3
,,FOXD4L1
,,SYK
,,ABCA6
,,SFRP2
,,ZNF782
,,SGK1
,,ASB2
,,PNOC
,,HSPA12B
,,CACNA1A
,,DUSP10
,,FNDC5
,,RPL5
,,TBX10
,,TNFRSF19
,,RBM24
,,DDX58
,,MYCBP2-AS1
,,TLL1
,,INSC
,,ALPK2
,,VAT1L
,,LINC00299
,,MTRNR2L8
,,ARMC3
,,SLC35F4
,,CDK2AP1
,,C1QB
,,DUS3L
,,VGF
,,DNTTIP1
,,SLC7A11
,,TTYH3
,,HES1
,,GRASP
,,BUB1
,,CLDN16
,,OXGR1
,,RND2
,,HLA-DQA1
,,FAM131A
,,SRY
,,ZNF768
,,DCT
,,RPLP2
,,GLRB
,,NOS1
,,LARP4
,,ZNF396
,,POU3F4
,,GPRIN3
,,KCNT1
,,OASL
,,RFX4
,,HOXD3
,,ZNF302
,,ILF2
,,LRP1
,,ARFGAP1
,,FOXS1
,,PLPP1
,,ZNF141
,,TCF24
,,SYNPR
,,CAMSAP3
,,ACTG1
,,WARS
,,HSP90AB1
,,ZBTB22
,,CLEC1A
,,SOX13
,,HPCA
,,ZNF805
,,FAM172A
,,LINC01166
,,INHA
,,BMP4
,,MYF6
,,ZNF808
,,ZNF687
,,IGSF9B
,,CREB3
,,LINC01151
,,KDM4B
,,WWTR1
,,IFIT3
,,ID2
,,ZNF136
,,HLTF
,,DDR2
,,FAM171A2
,,PSG4
,,MAFF
,,GALNT14
,,MDFIC
,,TIGD6
,,EEF1D
,,HSPA2
,,DDR1
,,MYOZ2
,,MGST2
,,ZBTB20
,,APOL1
,,RPL39
,,ECT2L
,,CCL4
,,SOX12
,,LINC00992
,,HLTF-AS1
,,MEDAG
,,MCF2L
,,DOCK9-AS1
,,CRISPLD2
,,ZNF14
,,SNX24
,,CDKN1C
,,DLEU7
,,MECOM
,,MYO3A
,,IL6R
,,FIZ1
,,HLA-B
,,MGAT4C
,,PARVA
,,ZNF783
,,BANK1
,,SP1
,,ITGA4
,,ZNF883
,,ISM1
,,PPIA
,,TRNP1
,,ZNF648
,,VSX2
,,LCP2
,,HERC5
,,FZD8
,,GCLM
,,ZNF716
,,ZNF835
,,KCNIP3
,,HNRNPA1
,,FRMPD2
,,ZNF619
,,LINC01476
,,PTPRM
,,ZNF599
,,SDC1
,,ZMIZ1-AS1
,,CELF6
,,VIM
,,C21orf62-AS1
,,TAF7
,,MSC
,,ZNF646
,,ID3
,,C1QTNF4
,,STARD4-AS1
,,ZNF708
,,LINC00578
,,AVEN
,,CILP
,,CALM3
,,PDE4B
,,LINC00970
,,ZNF324B
,,HIF3A
,,LINC00698
,,FOS
,,ZNF418
,,TBC1D24
,,MAFK
,,DCN
,,HCRTR1
,,PARP9
,,MS4A6A
,,KMT2A
,,LIMS1
,,F7
,,DANT2
,,TMEM173
,,ZNF714
,,NECAB2
,,TAC1
,,DTX1
,,ABCA1
,,KLRC1
,,POLR2K
,,DLGAP1
,,ZNF804B
,,TBL1XR1
,,SLC12A8
,,NKX1-2
,,NKAIN4
,,FRMD6
,,COL6A2
,,RASSF9
,,FRMD3
,,CFL2
,,PAM
,,LYPD6B
,,L1CAM
,,EMCN
,,ADGRF5
,,TM4SF18
,,MAFB
,,FOXE3
,,TGFB2
,,GYG2
,,ITM2A
,,CA8
,,MAPK11
,,ATP8B1
,,MARCKSL1
,,FENDRR
,,STC1
,,SLAMF7
,,ZNF391
,,FXYD7
,,UNC13A
,,ZBTB26
,,TINAGL1
,,PRELP
,,OLFM2
,,MYO1B
,,KCNJ12
,,PAPPA
,,COL19A1
,,IKZF3
,,PIK3C2G
,,KLRF1
,,SKAP1
,,PTGDR
,,GFAP
,,MLXIPL
,,ESR2
,,VAX1
,,IRF4
,,ACY3
,,SYNPO
,,ST8SIA4
,,CCR6
,,SYNPR-AS1
,,FOXC2
,,SHISA3
