GO Term,Description,P-value,FDR q-value,Enrichment,N,B,n,b,Genes
GO:0022604,regulation of cell morphogenesis,4.34E-9,4.62E-5,2.1,3711,179,663,67,"[SEMA3C  -  sema domain, immunoglobulin domain (ig), short basic domain, secreted, (semaphorin) 3c, SHANK3  -  sh3 and multiple ankyrin repeat domains 3, FAM171A1  -  family with sequence similarity 171, member a1, PTPRO  -  protein tyrosine phosphatase, receptor type, o, PTPRS  -  protein tyrosine phosphatase, receptor type, s, CACNG7  -  calcium channel, voltage-dependent, gamma subunit 7, PPFIA2  -  protein tyrosine phosphatase, receptor type, f polypeptide (ptprf), interacting protein (liprin), alpha 2, EPHA7  -  eph receptor a7, SRF  -  serum response factor (c-fos serum response element-binding transcription factor), CDC42EP4  -  cdc42 effector protein (rho gtpase binding) 4, SEMA6A  -  sema domain, transmembrane domain (tm), and cytoplasmic domain, (semaphorin) 6a, FSTL4  -  follistatin-like 4, DLG4  -  discs, large homolog 4 (drosophila), GRIP1  -  glutamate receptor interacting protein 1, NRCAM  -  neuronal cell adhesion molecule, PAK1  -  p21 protein (cdc42/rac)-activated kinase 1, PAK3  -  p21 protein (cdc42/rac)-activated kinase 3, CHODL  -  chondrolectin, BRSK2  -  br serine/threonine kinase 2, L1CAM  -  l1 cell adhesion molecule, SYNGAP1  -  synaptic ras gtpase activating protein 1, RHOJ  -  ras homolog family member j, METRN  -  meteorin, glial cell differentiation regulator, TBR1  -  t-box, brain, 1, FYN  -  fyn oncogene related to src, fgr, yes, DAB1  -  dab, reelin signal transducer, homolog 1 (drosophila), RND1  -  rho family gtpase 1, SYT2  -  synaptotagmin ii, FGF13  -  fibroblast growth factor 13, NFATC4  -  nuclear factor of activated t-cells, cytoplasmic, calcineurin-dependent 4, CUX2  -  cut-like homeobox 2, RIMS2  -  regulating synaptic membrane exocytosis 2, RIMS1  -  regulating synaptic membrane exocytosis 1, ACTN4  -  actinin, alpha 4, RHOBTB3  -  rho-related btb domain containing 3, DCC  -  deleted in colorectal carcinoma, SHROOM3  -  shroom family member 3, RND3  -  rho family gtpase 3, ABI2  -  abl-interactor 2, MYO9A  -  myosin ixa, MYO10  -  myosin x, NIN  -  ninein (gsk3b interacting protein), ZSWIM5  -  zinc finger, swim-type containing 5, SEMA3E  -  sema domain, immunoglobulin domain (ig), short basic domain, secreted, (semaphorin) 3e, KANK1  -  kn motif and ankyrin repeat domains 1, MAP1B  -  microtubule-associated protein 1b, MAP2  -  microtubule-associated protein 2, MAPT  -  microtubule-associated protein tau, PTK2  -  protein tyrosine kinase 2, PPP1R9A  -  protein phosphatase 1, regulatory subunit 9a, NTNG2  -  netrin g2, SEMA4A  -  sema domain, immunoglobulin domain (ig), transmembrane domain (tm) and short cytoplasmic domain, (semaphorin) 4a, RREB1  -  ras responsive element binding protein 1, PTN  -  pleiotrophin, RHOBTB1  -  rho-related btb domain containing 1, GAS2  -  growth arrest-specific 2, FLNA  -  filamin a, alpha, WASF3  -  was protein family, member 3, RHOBTB2  -  rho-related btb domain containing 2, COCH  -  cochlin, CAPRIN2  -  caprin family member 2, EZR  -  ezrin, SYT1  -  synaptotagmin i, PTPRD  -  protein tyrosine phosphatase, receptor type, d, HECW1  -  hect, c2 and ww domain containing e3 ubiquitin protein ligase 1, FN1  -  fibronectin 1, DNM3  -  dynamin 3]"
GO:0120035,regulation of plasma membrane bounded cell projection organization,5.27E-7,2.8E-3,1.8,3711,239,637,74,"[SEMA3C  -  sema domain, immunoglobulin domain (ig), short basic domain, secreted, (semaphorin) 3c, PTPRO  -  protein tyrosine phosphatase, receptor type, o, SHANK3  -  sh3 and multiple ankyrin repeat domains 3, PTPRS  -  protein tyrosine phosphatase, receptor type, s, CACNG7  -  calcium channel, voltage-dependent, gamma subunit 7, AGRN  -  agrin, PPFIA2  -  protein tyrosine phosphatase, receptor type, f polypeptide (ptprf), interacting protein (liprin), alpha 2, EPHA7  -  eph receptor a7, SRF  -  serum response factor (c-fos serum response element-binding transcription factor), CDC42EP4  -  cdc42 effector protein (rho gtpase binding) 4, SEMA6A  -  sema domain, transmembrane domain (tm), and cytoplasmic domain, (semaphorin) 6a, ENC1  -  ectodermal-neural cortex 1 (with btb domain), FSTL4  -  follistatin-like 4, ATP8B1  -  atpase, aminophospholipid transporter, class i, type 8b, member 1, MEF2C  -  myocyte enhancer factor 2c, DLG4  -  discs, large homolog 4 (drosophila), GRIP1  -  glutamate receptor interacting protein 1, NRCAM  -  neuronal cell adhesion molecule, PAK1  -  p21 protein (cdc42/rac)-activated kinase 1, GFI1  -  growth factor independent 1 transcription repressor, PAK3  -  p21 protein (cdc42/rac)-activated kinase 3, GPM6A  -  glycoprotein m6a, NPTN  -  neuroplastin, CHODL  -  chondrolectin, BRSK2  -  br serine/threonine kinase 2, PFN2  -  profilin 2, L1CAM  -  l1 cell adhesion molecule, SYNGAP1  -  synaptic ras gtpase activating protein 1, METRN  -  meteorin, glial cell differentiation regulator, TBR1  -  t-box, brain, 1, FYN  -  fyn oncogene related to src, fgr, yes, DAB1  -  dab, reelin signal transducer, homolog 1 (drosophila), SNAP25  -  synaptosomal-associated protein, 25kda, SYT2  -  synaptotagmin ii, FGF13  -  fibroblast growth factor 13, NFATC4  -  nuclear factor of activated t-cells, cytoplasmic, calcineurin-dependent 4, RIMS2  -  regulating synaptic membrane exocytosis 2, CUX2  -  cut-like homeobox 2, RIMS1  -  regulating synaptic membrane exocytosis 1, DCC  -  deleted in colorectal carcinoma, SERPINI1  -  serpin peptidase inhibitor, clade i (neuroserpin), member 1, ABI2  -  abl-interactor 2, PLK2  -  polo-like kinase 2, MYO9A  -  myosin ixa, PRKD1  -  protein kinase d1, MYO10  -  myosin x, NIN  -  ninein (gsk3b interacting protein), MAGI2  -  membrane associated guanylate kinase, ww and pdz domain containing 2, ZSWIM5  -  zinc finger, swim-type containing 5, STMN2  -  stathmin-like 2, SEMA3E  -  sema domain, immunoglobulin domain (ig), short basic domain, secreted, (semaphorin) 3e, KANK1  -  kn motif and ankyrin repeat domains 1, MAP1B  -  microtubule-associated protein 1b, MAP2  -  microtubule-associated protein 2, MAPT  -  microtubule-associated protein tau, PPP1R9A  -  protein phosphatase 1, regulatory subunit 9a, NCKAP1  -  nck-associated protein 1, ZNF804A  -  zinc finger protein 804a, NTNG2  -  netrin g2, RREB1  -  ras responsive element binding protein 1, PTN  -  pleiotrophin, GRIN2B  -  glutamate receptor, ionotropic, n-methyl d-aspartate 2b, FLNA  -  filamin a, alpha, SYNE2  -  spectrin repeat containing, nuclear envelope 2, CAPRIN2  -  caprin family member 2, TOX  -  thymocyte selection-associated high mobility group box, SYT1  -  synaptotagmin i, PTPRD  -  protein tyrosine phosphatase, receptor type, d, HECW1  -  hect, c2 and ww domain containing e3 ubiquitin protein ligase 1, FN1  -  fibronectin 1, PTPRG  -  protein tyrosine phosphatase, receptor type, g, PPP1R16B  -  protein phosphatase 1, regulatory subunit 16b, CBFA2T2  -  core-binding factor, runt domain, alpha subunit 2; translocated to, 2, DNM3  -  dynamin 3]"
GO:0099177,regulation of trans-synaptic signaling,6.41E-7,2.27E-3,1.91,3711,194,620,62,"[PLCB4  -  phospholipase c, beta 4, MPP2  -  membrane protein, palmitoylated 2 (maguk p55 subfamily member 2), SHANK3  -  sh3 and multiple ankyrin repeat domains 3, CACNB2  -  calcium channel, voltage-dependent, beta 2 subunit, PTPRS  -  protein tyrosine phosphatase, receptor type, s, CACNG7  -  calcium channel, voltage-dependent, gamma subunit 7, PPFIA2  -  protein tyrosine phosphatase, receptor type, f polypeptide (ptprf), interacting protein (liprin), alpha 2, APBA1  -  amyloid beta (a4) precursor protein-binding, family a, member 1, SRF  -  serum response factor (c-fos serum response element-binding transcription factor), RIMS3  -  regulating synaptic membrane exocytosis 3, NPTX1  -  neuronal pentraxin i, NPTX2  -  neuronal pentraxin ii, CALM1  -  calmodulin 1 (phosphorylase kinase, delta), MEF2C  -  myocyte enhancer factor 2c, DLG4  -  discs, large homolog 4 (drosophila), CALM3  -  calmodulin 3 (phosphorylase kinase, delta), NPTN  -  neuroplastin, UNC13C  -  unc-13 homolog c (c. elegans), SYNGAP1  -  synaptic ras gtpase activating protein 1, RGS4  -  regulator of g-protein signaling 4, MCTP1  -  multiple c2 domains, transmembrane 1, FYN  -  fyn oncogene related to src, fgr, yes, SNAP25  -  synaptosomal-associated protein, 25kda, CLSTN2  -  calsyntenin 2, SORCS3  -  sortilin-related vps10 domain containing receptor 3, NFATC4  -  nuclear factor of activated t-cells, cytoplasmic, calcineurin-dependent 4, NRXN1  -  neurexin 1, RIMS2  -  regulating synaptic membrane exocytosis 2, CUX2  -  cut-like homeobox 2, SYT7  -  synaptotagmin vii, RIMS1  -  regulating synaptic membrane exocytosis 1, DCC  -  deleted in colorectal carcinoma, CDH11  -  cadherin 11, type 2, ob-cadherin (osteoblast), NETO1  -  neuropilin (nrp) and tolloid (tll)-like 1, PLK2  -  polo-like kinase 2, SHISA6  -  shisa family member 6, IGSF11  -  immunoglobulin superfamily, member 11, MAP1A  -  microtubule-associated protein 1a, MAP1B  -  microtubule-associated protein 1b, ADCY1  -  adenylate cyclase 1 (brain), NLGN3  -  neuroligin 3, MAPT  -  microtubule-associated protein tau, PPP1R9A  -  protein phosphatase 1, regulatory subunit 9a, ADCY8  -  adenylate cyclase 8 (brain), GRIK1  -  glutamate receptor, ionotropic, kainate 1, NLGN4X  -  neuroligin 4, x-linked, GRIK4  -  glutamate receptor, ionotropic, kainate 4, GRIK5  -  glutamate receptor, ionotropic, kainate 5, STXBP5  -  syntaxin binding protein 5 (tomosyn), NTNG2  -  netrin g2, GRIN2A  -  glutamate receptor, ionotropic, n-methyl d-aspartate 2a, PTN  -  pleiotrophin, GRIN2B  -  glutamate receptor, ionotropic, n-methyl d-aspartate 2b, DLGAP3  -  discs, large (drosophila) homolog-associated protein 3, GRM1  -  glutamate receptor, metabotropic 1, GRM5  -  glutamate receptor, metabotropic 5, CREB1  -  camp responsive element binding protein 1, SHISA7  -  shisa family member 7, SYT1  -  synaptotagmin i, PTPRD  -  protein tyrosine phosphatase, receptor type, d, ADRA1A  -  adrenoceptor alpha 1a, TAC1  -  tachykinin, precursor 1]"
GO:0050804,modulation of chemical synaptic transmission,6.41E-7,1.7E-3,1.91,3711,194,620,62,"[PLCB4  -  phospholipase c, beta 4, MPP2  -  membrane protein, palmitoylated 2 (maguk p55 subfamily member 2), SHANK3  -  sh3 and multiple ankyrin repeat domains 3, CACNB2  -  calcium channel, voltage-dependent, beta 2 subunit, PTPRS  -  protein tyrosine phosphatase, receptor type, s, CACNG7  -  calcium channel, voltage-dependent, gamma subunit 7, PPFIA2  -  protein tyrosine phosphatase, receptor type, f polypeptide (ptprf), interacting protein (liprin), alpha 2, APBA1  -  amyloid beta (a4) precursor protein-binding, family a, member 1, SRF  -  serum response factor (c-fos serum response element-binding transcription factor), RIMS3  -  regulating synaptic membrane exocytosis 3, NPTX1  -  neuronal pentraxin i, NPTX2  -  neuronal pentraxin ii, CALM1  -  calmodulin 1 (phosphorylase kinase, delta), MEF2C  -  myocyte enhancer factor 2c, DLG4  -  discs, large homolog 4 (drosophila), CALM3  -  calmodulin 3 (phosphorylase kinase, delta), NPTN  -  neuroplastin, UNC13C  -  unc-13 homolog c (c. elegans), SYNGAP1  -  synaptic ras gtpase activating protein 1, RGS4  -  regulator of g-protein signaling 4, MCTP1  -  multiple c2 domains, transmembrane 1, FYN  -  fyn oncogene related to src, fgr, yes, SNAP25  -  synaptosomal-associated protein, 25kda, CLSTN2  -  calsyntenin 2, SORCS3  -  sortilin-related vps10 domain containing receptor 3, NFATC4  -  nuclear factor of activated t-cells, cytoplasmic, calcineurin-dependent 4, NRXN1  -  neurexin 1, RIMS2  -  regulating synaptic membrane exocytosis 2, CUX2  -  cut-like homeobox 2, SYT7  -  synaptotagmin vii, RIMS1  -  regulating synaptic membrane exocytosis 1, DCC  -  deleted in colorectal carcinoma, CDH11  -  cadherin 11, type 2, ob-cadherin (osteoblast), NETO1  -  neuropilin (nrp) and tolloid (tll)-like 1, PLK2  -  polo-like kinase 2, SHISA6  -  shisa family member 6, IGSF11  -  immunoglobulin superfamily, member 11, MAP1A  -  microtubule-associated protein 1a, MAP1B  -  microtubule-associated protein 1b, ADCY1  -  adenylate cyclase 1 (brain), NLGN3  -  neuroligin 3, MAPT  -  microtubule-associated protein tau, PPP1R9A  -  protein phosphatase 1, regulatory subunit 9a, ADCY8  -  adenylate cyclase 8 (brain), GRIK1  -  glutamate receptor, ionotropic, kainate 1, NLGN4X  -  neuroligin 4, x-linked, GRIK4  -  glutamate receptor, ionotropic, kainate 4, GRIK5  -  glutamate receptor, ionotropic, kainate 5, STXBP5  -  syntaxin binding protein 5 (tomosyn), NTNG2  -  netrin g2, GRIN2A  -  glutamate receptor, ionotropic, n-methyl d-aspartate 2a, PTN  -  pleiotrophin, GRIN2B  -  glutamate receptor, ionotropic, n-methyl d-aspartate 2b, DLGAP3  -  discs, large (drosophila) homolog-associated protein 3, GRM1  -  glutamate receptor, metabotropic 1, GRM5  -  glutamate receptor, metabotropic 5, CREB1  -  camp responsive element binding protein 1, SHISA7  -  shisa family member 7, SYT1  -  synaptotagmin i, PTPRD  -  protein tyrosine phosphatase, receptor type, d, ADRA1A  -  adrenoceptor alpha 1a, TAC1  -  tachykinin, precursor 1]"
GO:0031344,regulation of cell projection organization,9.72E-7,2.07E-3,1.78,3711,242,637,74,"[SEMA3C  -  sema domain, immunoglobulin domain (ig), short basic domain, secreted, (semaphorin) 3c, PTPRO  -  protein tyrosine phosphatase, receptor type, o, SHANK3  -  sh3 and multiple ankyrin repeat domains 3, PTPRS  -  protein tyrosine phosphatase, receptor type, s, CACNG7  -  calcium channel, voltage-dependent, gamma subunit 7, AGRN  -  agrin, PPFIA2  -  protein tyrosine phosphatase, receptor type, f polypeptide (ptprf), interacting protein (liprin), alpha 2, EPHA7  -  eph receptor a7, SRF  -  serum response factor (c-fos serum response element-binding transcription factor), CDC42EP4  -  cdc42 effector protein (rho gtpase binding) 4, SEMA6A  -  sema domain, transmembrane domain (tm), and cytoplasmic domain, (semaphorin) 6a, ENC1  -  ectodermal-neural cortex 1 (with btb domain), FSTL4  -  follistatin-like 4, ATP8B1  -  atpase, aminophospholipid transporter, class i, type 8b, member 1, MEF2C  -  myocyte enhancer factor 2c, DLG4  -  discs, large homolog 4 (drosophila), GRIP1  -  glutamate receptor interacting protein 1, NRCAM  -  neuronal cell adhesion molecule, PAK1  -  p21 protein (cdc42/rac)-activated kinase 1, GFI1  -  growth factor independent 1 transcription repressor, PAK3  -  p21 protein (cdc42/rac)-activated kinase 3, GPM6A  -  glycoprotein m6a, NPTN  -  neuroplastin, CHODL  -  chondrolectin, BRSK2  -  br serine/threonine kinase 2, PFN2  -  profilin 2, L1CAM  -  l1 cell adhesion molecule, SYNGAP1  -  synaptic ras gtpase activating protein 1, METRN  -  meteorin, glial cell differentiation regulator, TBR1  -  t-box, brain, 1, FYN  -  fyn oncogene related to src, fgr, yes, DAB1  -  dab, reelin signal transducer, homolog 1 (drosophila), SNAP25  -  synaptosomal-associated protein, 25kda, SYT2  -  synaptotagmin ii, FGF13  -  fibroblast growth factor 13, NFATC4  -  nuclear factor of activated t-cells, cytoplasmic, calcineurin-dependent 4, RIMS2  -  regulating synaptic membrane exocytosis 2, CUX2  -  cut-like homeobox 2, RIMS1  -  regulating synaptic membrane exocytosis 1, DCC  -  deleted in colorectal carcinoma, SERPINI1  -  serpin peptidase inhibitor, clade i (neuroserpin), member 1, ABI2  -  abl-interactor 2, PLK2  -  polo-like kinase 2, MYO9A  -  myosin ixa, PRKD1  -  protein kinase d1, MYO10  -  myosin x, NIN  -  ninein (gsk3b interacting protein), MAGI2  -  membrane associated guanylate kinase, ww and pdz domain containing 2, ZSWIM5  -  zinc finger, swim-type containing 5, STMN2  -  stathmin-like 2, SEMA3E  -  sema domain, immunoglobulin domain (ig), short basic domain, secreted, (semaphorin) 3e, KANK1  -  kn motif and ankyrin repeat domains 1, MAP1B  -  microtubule-associated protein 1b, MAP2  -  microtubule-associated protein 2, MAPT  -  microtubule-associated protein tau, PPP1R9A  -  protein phosphatase 1, regulatory subunit 9a, NCKAP1  -  nck-associated protein 1, ZNF804A  -  zinc finger protein 804a, NTNG2  -  netrin g2, RREB1  -  ras responsive element binding protein 1, PTN  -  pleiotrophin, GRIN2B  -  glutamate receptor, ionotropic, n-methyl d-aspartate 2b, FLNA  -  filamin a, alpha, SYNE2  -  spectrin repeat containing, nuclear envelope 2, CAPRIN2  -  caprin family member 2, TOX  -  thymocyte selection-associated high mobility group box, SYT1  -  synaptotagmin i, PTPRD  -  protein tyrosine phosphatase, receptor type, d, HECW1  -  hect, c2 and ww domain containing e3 ubiquitin protein ligase 1, FN1  -  fibronectin 1, PTPRG  -  protein tyrosine phosphatase, receptor type, g, PPP1R16B  -  protein phosphatase 1, regulatory subunit 16b, CBFA2T2  -  core-binding factor, runt domain, alpha subunit 2; translocated to, 2, DNM3  -  dynamin 3]"
GO:0010975,regulation of neuron projection development,1.46E-6,2.6E-3,1.87,3711,198,620,62,"[SEMA3C  -  sema domain, immunoglobulin domain (ig), short basic domain, secreted, (semaphorin) 3c, SHANK3  -  sh3 and multiple ankyrin repeat domains 3, PTPRS  -  protein tyrosine phosphatase, receptor type, s, CACNG7  -  calcium channel, voltage-dependent, gamma subunit 7, PPFIA2  -  protein tyrosine phosphatase, receptor type, f polypeptide (ptprf), interacting protein (liprin), alpha 2, EPHA7  -  eph receptor a7, SRF  -  serum response factor (c-fos serum response element-binding transcription factor), SEMA6A  -  sema domain, transmembrane domain (tm), and cytoplasmic domain, (semaphorin) 6a, ENC1  -  ectodermal-neural cortex 1 (with btb domain), FSTL4  -  follistatin-like 4, MEF2C  -  myocyte enhancer factor 2c, DLG4  -  discs, large homolog 4 (drosophila), GRIP1  -  glutamate receptor interacting protein 1, NRCAM  -  neuronal cell adhesion molecule, PAK1  -  p21 protein (cdc42/rac)-activated kinase 1, GFI1  -  growth factor independent 1 transcription repressor, PAK3  -  p21 protein (cdc42/rac)-activated kinase 3, NPTN  -  neuroplastin, CHODL  -  chondrolectin, BRSK2  -  br serine/threonine kinase 2, L1CAM  -  l1 cell adhesion molecule, SYNGAP1  -  synaptic ras gtpase activating protein 1, METRN  -  meteorin, glial cell differentiation regulator, TBR1  -  t-box, brain, 1, FYN  -  fyn oncogene related to src, fgr, yes, DAB1  -  dab, reelin signal transducer, homolog 1 (drosophila), SNAP25  -  synaptosomal-associated protein, 25kda, SYT2  -  synaptotagmin ii, FGF13  -  fibroblast growth factor 13, NFATC4  -  nuclear factor of activated t-cells, cytoplasmic, calcineurin-dependent 4, RIMS2  -  regulating synaptic membrane exocytosis 2, CUX2  -  cut-like homeobox 2, RIMS1  -  regulating synaptic membrane exocytosis 1, DCC  -  deleted in colorectal carcinoma, SERPINI1  -  serpin peptidase inhibitor, clade i (neuroserpin), member 1, ABI2  -  abl-interactor 2, PLK2  -  polo-like kinase 2, MYO9A  -  myosin ixa, PRKD1  -  protein kinase d1, NIN  -  ninein (gsk3b interacting protein), MAGI2  -  membrane associated guanylate kinase, ww and pdz domain containing 2, ZSWIM5  -  zinc finger, swim-type containing 5, STMN2  -  stathmin-like 2, SEMA3E  -  sema domain, immunoglobulin domain (ig), short basic domain, secreted, (semaphorin) 3e, KANK1  -  kn motif and ankyrin repeat domains 1, MAP1B  -  microtubule-associated protein 1b, MAP2  -  microtubule-associated protein 2, MAPT  -  microtubule-associated protein tau, PPP1R9A  -  protein phosphatase 1, regulatory subunit 9a, ZNF804A  -  zinc finger protein 804a, NTNG2  -  netrin g2, PTN  -  pleiotrophin, FLNA  -  filamin a, alpha, CAPRIN2  -  caprin family member 2, TOX  -  thymocyte selection-associated high mobility group box, SYT1  -  synaptotagmin i, PTPRD  -  protein tyrosine phosphatase, receptor type, d, HECW1  -  hect, c2 and ww domain containing e3 ubiquitin protein ligase 1, FN1  -  fibronectin 1, PTPRG  -  protein tyrosine phosphatase, receptor type, g, CBFA2T2  -  core-binding factor, runt domain, alpha subunit 2; translocated to, 2, DNM3  -  dynamin 3]"
GO:0045664,regulation of neuron differentiation,4.65E-6,7.06E-3,1.71,3711,262,620,75,"[SEMA3C  -  sema domain, immunoglobulin domain (ig), short basic domain, secreted, (semaphorin) 3c, KDM4C  -  lysine (k)-specific demethylase 4c, SHANK3  -  sh3 and multiple ankyrin repeat domains 3, PTPRS  -  protein tyrosine phosphatase, receptor type, s, CACNG7  -  calcium channel, voltage-dependent, gamma subunit 7, PPFIA2  -  protein tyrosine phosphatase, receptor type, f polypeptide (ptprf), interacting protein (liprin), alpha 2, EPHA7  -  eph receptor a7, SRF  -  serum response factor (c-fos serum response element-binding transcription factor), SEMA6A  -  sema domain, transmembrane domain (tm), and cytoplasmic domain, (semaphorin) 6a, ENC1  -  ectodermal-neural cortex 1 (with btb domain), FSTL4  -  follistatin-like 4, CDON  -  cell adhesion associated, oncogene regulated, MEF2C  -  myocyte enhancer factor 2c, DLG4  -  discs, large homolog 4 (drosophila), GRIP1  -  glutamate receptor interacting protein 1, NRCAM  -  neuronal cell adhesion molecule, PAK1  -  p21 protein (cdc42/rac)-activated kinase 1, GFI1  -  growth factor independent 1 transcription repressor, PAK3  -  p21 protein (cdc42/rac)-activated kinase 3, NPTN  -  neuroplastin, CHODL  -  chondrolectin, BEND6  -  ben domain containing 6, BRSK2  -  br serine/threonine kinase 2, L1CAM  -  l1 cell adhesion molecule, SYNGAP1  -  synaptic ras gtpase activating protein 1, METRN  -  meteorin, glial cell differentiation regulator, TBR1  -  t-box, brain, 1, BCL11B  -  b-cell cll/lymphoma 11b (zinc finger protein), FYN  -  fyn oncogene related to src, fgr, yes, DAB1  -  dab, reelin signal transducer, homolog 1 (drosophila), SNAP25  -  synaptosomal-associated protein, 25kda, HES1  -  hairy and enhancer of split 1, (drosophila), PBX1  -  pre-b-cell leukemia homeobox 1, SYT2  -  synaptotagmin ii, HEY1  -  hairy/enhancer-of-split related with yrpw motif 1, FGF13  -  fibroblast growth factor 13, NFATC4  -  nuclear factor of activated t-cells, cytoplasmic, calcineurin-dependent 4, RIMS2  -  regulating synaptic membrane exocytosis 2, CUX2  -  cut-like homeobox 2, RIMS1  -  regulating synaptic membrane exocytosis 1, TCF12  -  transcription factor 12, DCC  -  deleted in colorectal carcinoma, HEY2  -  hairy/enhancer-of-split related with yrpw motif 2, PCP4  -  purkinje cell protein 4, ZC4H2  -  zinc finger, c4h2 domain containing, SERPINI1  -  serpin peptidase inhibitor, clade i (neuroserpin), member 1, ABI2  -  abl-interactor 2, PLK2  -  polo-like kinase 2, MYO9A  -  myosin ixa, PRKD1  -  protein kinase d1, NIN  -  ninein (gsk3b interacting protein), MAGI2  -  membrane associated guanylate kinase, ww and pdz domain containing 2, ZSWIM5  -  zinc finger, swim-type containing 5, STMN2  -  stathmin-like 2, SEMA3E  -  sema domain, immunoglobulin domain (ig), short basic domain, secreted, (semaphorin) 3e, KANK1  -  kn motif and ankyrin repeat domains 1, MAP1B  -  microtubule-associated protein 1b, SOX11  -  sry (sex determining region y)-box 11, MAP2  -  microtubule-associated protein 2, MAPT  -  microtubule-associated protein tau, PPP1R9A  -  protein phosphatase 1, regulatory subunit 9a, ZNF804A  -  zinc finger protein 804a, NTNG2  -  netrin g2, PTN  -  pleiotrophin, FLNA  -  filamin a, alpha, CAPRIN2  -  caprin family member 2, PROX1  -  prospero homeobox 1, TOX  -  thymocyte selection-associated high mobility group box, SYT1  -  synaptotagmin i, PTPRD  -  protein tyrosine phosphatase, receptor type, d, HECW1  -  hect, c2 and ww domain containing e3 ubiquitin protein ligase 1, FN1  -  fibronectin 1, PTPRG  -  protein tyrosine phosphatase, receptor type, g, CBFA2T2  -  core-binding factor, runt domain, alpha subunit 2; translocated to, 2, DNM3  -  dynamin 3]"
GO:0050806,positive regulation of synaptic transmission,7.61E-6,1.01E-2,2.52,3711,69,620,29,"[RIMS2  -  regulating synaptic membrane exocytosis 2, CUX2  -  cut-like homeobox 2, RIMS1  -  regulating synaptic membrane exocytosis 1, SHANK3  -  sh3 and multiple ankyrin repeat domains 3, MPP2  -  membrane protein, palmitoylated 2 (maguk p55 subfamily member 2), CACNB2  -  calcium channel, voltage-dependent, beta 2 subunit, CACNG7  -  calcium channel, voltage-dependent, gamma subunit 7, NETO1  -  neuropilin (nrp) and tolloid (tll)-like 1, RIMS3  -  regulating synaptic membrane exocytosis 3, PLK2  -  polo-like kinase 2, IGSF11  -  immunoglobulin superfamily, member 11, DLG4  -  discs, large homolog 4 (drosophila), ADCY1  -  adenylate cyclase 1 (brain), NLGN3  -  neuroligin 3, NPTN  -  neuroplastin, ADCY8  -  adenylate cyclase 8 (brain), RGS4  -  regulator of g-protein signaling 4, GRIN2A  -  glutamate receptor, ionotropic, n-methyl d-aspartate 2a, GRIN2B  -  glutamate receptor, ionotropic, n-methyl d-aspartate 2b, PTN  -  pleiotrophin, SNAP25  -  synaptosomal-associated protein, 25kda, CLSTN2  -  calsyntenin 2, CREB1  -  camp responsive element binding protein 1, SHISA7  -  shisa family member 7, NRXN1  -  neurexin 1, NFATC4  -  nuclear factor of activated t-cells, cytoplasmic, calcineurin-dependent 4, SYT1  -  synaptotagmin i, ADRA1A  -  adrenoceptor alpha 1a, TAC1  -  tachykinin, precursor 1]"
GO:0060078,regulation of postsynaptic membrane potential,1.25E-5,1.48E-2,4.04,3711,37,372,15,"[GRIK1  -  glutamate receptor, ionotropic, kainate 1, GRIK4  -  glutamate receptor, ionotropic, kainate 4, GRIK5  -  glutamate receptor, ionotropic, kainate 5, MPP2  -  membrane protein, palmitoylated 2 (maguk p55 subfamily member 2), GABRG1  -  gamma-aminobutyric acid (gaba) a receptor, gamma 1, GRIN2A  -  glutamate receptor, ionotropic, n-methyl d-aspartate 2a, GRIN2B  -  glutamate receptor, ionotropic, n-methyl d-aspartate 2b, KCND2  -  potassium voltage-gated channel, shal-related subfamily, member 2, GRM1  -  glutamate receptor, metabotropic 1, GRM5  -  glutamate receptor, metabotropic 5, MEF2C  -  myocyte enhancer factor 2c, NLGN3  -  neuroligin 3, GABRA2  -  gamma-aminobutyric acid (gaba) a receptor, alpha 2, PPP1R9A  -  protein phosphatase 1, regulatory subunit 9a, GABRA4  -  gamma-aminobutyric acid (gaba) a receptor, alpha 4]"
GO:0098976,excitatory chemical synaptic transmission,2.28E-5,2.43E-2,26.32,3711,6,94,4,"[PTCHD1  -  patched domain containing 1, SHISA6  -  shisa family member 6, GRIN2A  -  glutamate receptor, ionotropic, n-methyl d-aspartate 2a, GRIN2B  -  glutamate receptor, ionotropic, n-methyl d-aspartate 2b]"
GO:0045666,positive regulation of neuron differentiation,2.77E-5,2.68E-2,1.98,3711,136,620,45,"[CUX2  -  cut-like homeobox 2, RIMS2  -  regulating synaptic membrane exocytosis 2, KDM4C  -  lysine (k)-specific demethylase 4c, RIMS1  -  regulating synaptic membrane exocytosis 1, TCF12  -  transcription factor 12, SHANK3  -  sh3 and multiple ankyrin repeat domains 3, CACNG7  -  calcium channel, voltage-dependent, gamma subunit 7, PCP4  -  purkinje cell protein 4, ZC4H2  -  zinc finger, c4h2 domain containing, SRF  -  serum response factor (c-fos serum response element-binding transcription factor), SERPINI1  -  serpin peptidase inhibitor, clade i (neuroserpin), member 1, PRKD1  -  protein kinase d1, ENC1  -  ectodermal-neural cortex 1 (with btb domain), NIN  -  ninein (gsk3b interacting protein), MAGI2  -  membrane associated guanylate kinase, ww and pdz domain containing 2, CDON  -  cell adhesion associated, oncogene regulated, STMN2  -  stathmin-like 2, MEF2C  -  myocyte enhancer factor 2c, DLG4  -  discs, large homolog 4 (drosophila), MAP1B  -  microtubule-associated protein 1b, GRIP1  -  glutamate receptor interacting protein 1, SOX11  -  sry (sex determining region y)-box 11, NRCAM  -  neuronal cell adhesion molecule, PAK1  -  p21 protein (cdc42/rac)-activated kinase 1, PAK3  -  p21 protein (cdc42/rac)-activated kinase 3, NPTN  -  neuroplastin, MAPT  -  microtubule-associated protein tau, PPP1R9A  -  protein phosphatase 1, regulatory subunit 9a, CHODL  -  chondrolectin, BEND6  -  ben domain containing 6, L1CAM  -  l1 cell adhesion molecule, ZNF804A  -  zinc finger protein 804a, METRN  -  meteorin, glial cell differentiation regulator, PTN  -  pleiotrophin, FYN  -  fyn oncogene related to src, fgr, yes, DAB1  -  dab, reelin signal transducer, homolog 1 (drosophila), FLNA  -  filamin a, alpha, SYT2  -  synaptotagmin ii, CAPRIN2  -  caprin family member 2, PROX1  -  prospero homeobox 1, TOX  -  thymocyte selection-associated high mobility group box, SYT1  -  synaptotagmin i, PTPRD  -  protein tyrosine phosphatase, receptor type, d, FN1  -  fibronectin 1, CBFA2T2  -  core-binding factor, runt domain, alpha subunit 2; translocated to, 2]"
GO:0048791,calcium ion-regulated exocytosis of neurotransmitter,3.56E-5,3.16E-2,8.35,3711,7,381,6,"[RIMS2  -  regulating synaptic membrane exocytosis 2, SYT7  -  synaptotagmin vii, RIMS1  -  regulating synaptic membrane exocytosis 1, SYT2  -  synaptotagmin ii, SYT1  -  synaptotagmin i, RIMS3  -  regulating synaptic membrane exocytosis 3]"
GO:0007612,learning,4.06E-5,3.32E-2,2.29,3711,65,722,29,"[SHANK3  -  sh3 and multiple ankyrin repeat domains 3, NETO1  -  neuropilin (nrp) and tolloid (tll)-like 1, SRF  -  serum response factor (c-fos serum response element-binding transcription factor), NPTX2  -  neuronal pentraxin ii, JUN  -  jun proto-oncogene, TPBG  -  trophoblast glycoprotein, DLG4  -  discs, large homolog 4 (drosophila), CCK  -  cholecystokinin, MAP1A  -  microtubule-associated protein 1a, NLGN3  -  neuroligin 3, NPTN  -  neuroplastin, ATP8A1  -  atpase, aminophospholipid transporter (aplt), class i, type 8a, member 1, SYNGAP1  -  synaptic ras gtpase activating protein 1, NLGN4X  -  neuroligin 4, x-linked, TBR1  -  t-box, brain, 1, GRIN2A  -  glutamate receptor, ionotropic, n-methyl d-aspartate 2a, PTN  -  pleiotrophin, SNAP25  -  synaptosomal-associated protein, 25kda, FYN  -  fyn oncogene related to src, fgr, yes, NRXN3  -  neurexin 3, GRM5  -  glutamate receptor, metabotropic 5, CREB1  -  camp responsive element binding protein 1, SORCS3  -  sortilin-related vps10 domain containing receptor 3, FGF13  -  fibroblast growth factor 13, CIC  -  capicua transcriptional repressor, NRXN1  -  neurexin 1, NRXN2  -  neurexin 2, CNTNAP2  -  contactin associated protein-like 2, TAC1  -  tachykinin, precursor 1]"
GO:0007611,learning or memory,4.07E-5,3.09E-2,2.11,3711,105,620,37,"[CUX2  -  cut-like homeobox 2, SHANK3  -  sh3 and multiple ankyrin repeat domains 3, PTPRZ1  -  protein tyrosine phosphatase, receptor-type, z polypeptide 1, NETO1  -  neuropilin (nrp) and tolloid (tll)-like 1, SRF  -  serum response factor (c-fos serum response element-binding transcription factor), PLK2  -  polo-like kinase 2, NPTX2  -  neuronal pentraxin ii, MEF2C  -  myocyte enhancer factor 2c, MAP1A  -  microtubule-associated protein 1a, DLG4  -  discs, large homolog 4 (drosophila), ADCY1  -  adenylate cyclase 1 (brain), NLGN3  -  neuroligin 3, NPTN  -  neuroplastin, MAPT  -  microtubule-associated protein tau, ATP8A1  -  atpase, aminophospholipid transporter (aplt), class i, type 8a, member 1, ADCY8  -  adenylate cyclase 8 (brain), SYNGAP1  -  synaptic ras gtpase activating protein 1, NLGN4X  -  neuroligin 4, x-linked, PTCHD1  -  patched domain containing 1, TBR1  -  t-box, brain, 1, GRIN2A  -  glutamate receptor, ionotropic, n-methyl d-aspartate 2a, PTN  -  pleiotrophin, GRIN2B  -  glutamate receptor, ionotropic, n-methyl d-aspartate 2b, SNAP25  -  synaptosomal-associated protein, 25kda, FYN  -  fyn oncogene related to src, fgr, yes, NRXN3  -  neurexin 3, GRM5  -  glutamate receptor, metabotropic 5, CREB1  -  camp responsive element binding protein 1, SHISA7  -  shisa family member 7, SORCS3  -  sortilin-related vps10 domain containing receptor 3, FGF13  -  fibroblast growth factor 13, CIC  -  capicua transcriptional repressor, NRXN1  -  neurexin 1, NFATC4  -  nuclear factor of activated t-cells, cytoplasmic, calcineurin-dependent 4, NRXN2  -  neurexin 2, CNTNAP2  -  contactin associated protein-like 2, TAC1  -  tachykinin, precursor 1]"
GO:2000463,positive regulation of excitatory postsynaptic potential,4.56E-5,3.23E-2,4.44,3711,14,597,10,"[RIMS2  -  regulating synaptic membrane exocytosis 2, CUX2  -  cut-like homeobox 2, RIMS1  -  regulating synaptic membrane exocytosis 1, RGS4  -  regulator of g-protein signaling 4, SHANK3  -  sh3 and multiple ankyrin repeat domains 3, IGSF11  -  immunoglobulin superfamily, member 11, DLG4  -  discs, large homolog 4 (drosophila), NRXN1  -  neurexin 1, NETO1  -  neuropilin (nrp) and tolloid (tll)-like 1, NLGN3  -  neuroligin 3]"
GO:0031346,positive regulation of cell projection organization,5.82E-5,3.87E-2,2,3711,121,630,41,"[CUX2  -  cut-like homeobox 2, RIMS2  -  regulating synaptic membrane exocytosis 2, RIMS1  -  regulating synaptic membrane exocytosis 1, SHANK3  -  sh3 and multiple ankyrin repeat domains 3, CACNG7  -  calcium channel, voltage-dependent, gamma subunit 7, AGRN  -  agrin, SRF  -  serum response factor (c-fos serum response element-binding transcription factor), SERPINI1  -  serpin peptidase inhibitor, clade i (neuroserpin), member 1, ABI2  -  abl-interactor 2, CDC42EP4  -  cdc42 effector protein (rho gtpase binding) 4, PRKD1  -  protein kinase d1, ENC1  -  ectodermal-neural cortex 1 (with btb domain), NIN  -  ninein (gsk3b interacting protein), MAGI2  -  membrane associated guanylate kinase, ww and pdz domain containing 2, STMN2  -  stathmin-like 2, DLG4  -  discs, large homolog 4 (drosophila), MAP1B  -  microtubule-associated protein 1b, GRIP1  -  glutamate receptor interacting protein 1, PAK1  -  p21 protein (cdc42/rac)-activated kinase 1, GPM6A  -  glycoprotein m6a, PAK3  -  p21 protein (cdc42/rac)-activated kinase 3, NPTN  -  neuroplastin, MAPT  -  microtubule-associated protein tau, PPP1R9A  -  protein phosphatase 1, regulatory subunit 9a, CHODL  -  chondrolectin, NCKAP1  -  nck-associated protein 1, L1CAM  -  l1 cell adhesion molecule, ZNF804A  -  zinc finger protein 804a, METRN  -  meteorin, glial cell differentiation regulator, RREB1  -  ras responsive element binding protein 1, PTN  -  pleiotrophin, FYN  -  fyn oncogene related to src, fgr, yes, FLNA  -  filamin a, alpha, SYT2  -  synaptotagmin ii, CAPRIN2  -  caprin family member 2, TOX  -  thymocyte selection-associated high mobility group box, SYT1  -  synaptotagmin i, PTPRD  -  protein tyrosine phosphatase, receptor type, d, FN1  -  fibronectin 1, DNM3  -  dynamin 3, CBFA2T2  -  core-binding factor, runt domain, alpha subunit 2; translocated to, 2]"
GO:0050808,synapse organization,7.22E-5,4.52E-2,2.16,3711,90,631,33,"[SHANK3  -  sh3 and multiple ankyrin repeat domains 3, CACNB2  -  calcium channel, voltage-dependent, beta 2 subunit, AGRN  -  agrin, PPFIA2  -  protein tyrosine phosphatase, receptor type, f polypeptide (ptprf), interacting protein (liprin), alpha 2, ZC4H2  -  zinc finger, c4h2 domain containing, APBB2  -  amyloid beta (a4) precursor protein-binding, family b, member 2, FARP1  -  ferm, rhogef (arhgef) and pleckstrin domain protein 1 (chondrocyte-derived), SEMA3E  -  sema domain, immunoglobulin domain (ig), short basic domain, secreted, (semaphorin) 3e, MAP1B  -  microtubule-associated protein 1b, NRCAM  -  neuronal cell adhesion molecule, NLGN3  -  neuroligin 3, NPTN  -  neuroplastin, GPM6A  -  glycoprotein m6a, PAK3  -  p21 protein (cdc42/rac)-activated kinase 3, MAPT  -  microtubule-associated protein tau, CTNND2  -  catenin (cadherin-associated protein), delta 2, COL4A1  -  collagen, type iv, alpha 1, UNC13C  -  unc-13 homolog c (c. elegans), SYNGAP1  -  synaptic ras gtpase activating protein 1, L1CAM  -  l1 cell adhesion molecule, KIRREL3  -  kin of irre like 3 (drosophila), NLGN4X  -  neuroligin 4, x-linked, DLGAP3  -  discs, large (drosophila) homolog-associated protein 3, FLNA  -  filamin a, alpha, BSN  -  bassoon presynaptic cytomatrix protein, WASF3  -  was protein family, member 3, GRM5  -  glutamate receptor, metabotropic 5, ANK3  -  ankyrin 3, node of ranvier (ankyrin g), FGF13  -  fibroblast growth factor 13, NRXN1  -  neurexin 1, NRXN2  -  neurexin 2, GABRA2  -  gamma-aminobutyric acid (gaba) a receptor, alpha 2, DNM3  -  dynamin 3]"
GO:0010976,positive regulation of neuron projection development,8.75E-5,5.17E-2,2.12,3711,96,620,34,"[CUX2  -  cut-like homeobox 2, RIMS2  -  regulating synaptic membrane exocytosis 2, RIMS1  -  regulating synaptic membrane exocytosis 1, SHANK3  -  sh3 and multiple ankyrin repeat domains 3, CACNG7  -  calcium channel, voltage-dependent, gamma subunit 7, SRF  -  serum response factor (c-fos serum response element-binding transcription factor), SERPINI1  -  serpin peptidase inhibitor, clade i (neuroserpin), member 1, PRKD1  -  protein kinase d1, ENC1  -  ectodermal-neural cortex 1 (with btb domain), NIN  -  ninein (gsk3b interacting protein), MAGI2  -  membrane associated guanylate kinase, ww and pdz domain containing 2, STMN2  -  stathmin-like 2, DLG4  -  discs, large homolog 4 (drosophila), GRIP1  -  glutamate receptor interacting protein 1, MAP1B  -  microtubule-associated protein 1b, PAK1  -  p21 protein (cdc42/rac)-activated kinase 1, PAK3  -  p21 protein (cdc42/rac)-activated kinase 3, NPTN  -  neuroplastin, MAPT  -  microtubule-associated protein tau, CHODL  -  chondrolectin, PPP1R9A  -  protein phosphatase 1, regulatory subunit 9a, L1CAM  -  l1 cell adhesion molecule, METRN  -  meteorin, glial cell differentiation regulator, ZNF804A  -  zinc finger protein 804a, PTN  -  pleiotrophin, FYN  -  fyn oncogene related to src, fgr, yes, FLNA  -  filamin a, alpha, SYT2  -  synaptotagmin ii, CAPRIN2  -  caprin family member 2, SYT1  -  synaptotagmin i, TOX  -  thymocyte selection-associated high mobility group box, PTPRD  -  protein tyrosine phosphatase, receptor type, d, FN1  -  fibronectin 1, CBFA2T2  -  core-binding factor, runt domain, alpha subunit 2; translocated to, 2]"
GO:0051962,positive regulation of nervous system development,9.47E-5,5.3E-2,1.7,3711,204,631,59,"[KDM4C  -  lysine (k)-specific demethylase 4c, SHANK3  -  sh3 and multiple ankyrin repeat domains 3, CACNG7  -  calcium channel, voltage-dependent, gamma subunit 7, PTPRZ1  -  protein tyrosine phosphatase, receptor-type, z polypeptide 1, AGRN  -  agrin, EPHB1  -  eph receptor b1, SRF  -  serum response factor (c-fos serum response element-binding transcription factor), FLRT2  -  fibronectin leucine rich transmembrane protein 2, SEMA6A  -  sema domain, transmembrane domain (tm), and cytoplasmic domain, (semaphorin) 6a, ENC1  -  ectodermal-neural cortex 1 (with btb domain), CDON  -  cell adhesion associated, oncogene regulated, MEF2C  -  myocyte enhancer factor 2c, DLG4  -  discs, large homolog 4 (drosophila), GRIP1  -  glutamate receptor interacting protein 1, NRCAM  -  neuronal cell adhesion molecule, PAK1  -  p21 protein (cdc42/rac)-activated kinase 1, PAK3  -  p21 protein (cdc42/rac)-activated kinase 3, NPTN  -  neuroplastin, CHODL  -  chondrolectin, BEND6  -  ben domain containing 6, L1CAM  -  l1 cell adhesion molecule, METRN  -  meteorin, glial cell differentiation regulator, FYN  -  fyn oncogene related to src, fgr, yes, DAB1  -  dab, reelin signal transducer, homolog 1 (drosophila), CLSTN2  -  calsyntenin 2, HES1  -  hairy and enhancer of split 1, (drosophila), SYT2  -  synaptotagmin ii, NRXN1  -  neurexin 1, RIMS2  -  regulating synaptic membrane exocytosis 2, CUX2  -  cut-like homeobox 2, RIMS1  -  regulating synaptic membrane exocytosis 1, TCF12  -  transcription factor 12, PCP4  -  purkinje cell protein 4, ZC4H2  -  zinc finger, c4h2 domain containing, SERPINI1  -  serpin peptidase inhibitor, clade i (neuroserpin), member 1, LRRN1  -  leucine rich repeat neuronal 1, PRKD1  -  protein kinase d1, MAN2A1  -  mannosidase, alpha, class 2a, member 1, NIN  -  ninein (gsk3b interacting protein), MAGI2  -  membrane associated guanylate kinase, ww and pdz domain containing 2, STMN2  -  stathmin-like 2, MAP1B  -  microtubule-associated protein 1b, SOX11  -  sry (sex determining region y)-box 11, NLGN3  -  neuroligin 3, CTNNB1  -  catenin (cadherin-associated protein), beta 1, 88kda, MAPT  -  microtubule-associated protein tau, PPP1R9A  -  protein phosphatase 1, regulatory subunit 9a, ZNF804A  -  zinc finger protein 804a, PTN  -  pleiotrophin, FLNA  -  filamin a, alpha, WASF3  -  was protein family, member 3, CAPRIN2  -  caprin family member 2, PROX1  -  prospero homeobox 1, TOX  -  thymocyte selection-associated high mobility group box, SYT1  -  synaptotagmin i, PTPRD  -  protein tyrosine phosphatase, receptor type, d, PLAG1  -  pleiomorphic adenoma gene 1, FN1  -  fibronectin 1, CBFA2T2  -  core-binding factor, runt domain, alpha subunit 2; translocated to, 2]"
GO:0051049,regulation of transport,1.08E-4,5.74E-2,2.01,3711,486,148,39,"[SYT7  -  synaptotagmin vii, RIMS1  -  regulating synaptic membrane exocytosis 1, KCNB2  -  potassium voltage-gated channel, shab-related subfamily, member 2, CACNA2D1  -  calcium channel, voltage-dependent, alpha 2/delta subunit 1, CACNB2  -  calcium channel, voltage-dependent, beta 2 subunit, NRG1  -  neuregulin 1, PPFIA2  -  protein tyrosine phosphatase, receptor type, f polypeptide (ptprf), interacting protein (liprin), alpha 2, NETO1  -  neuropilin (nrp) and tolloid (tll)-like 1, PTCH1  -  patched 1, JPH1  -  junctophilin 1, DPP10  -  dipeptidyl-peptidase 10 (non-functional), TRIM9  -  tripartite motif containing 9, YWHAZ  -  tyrosine 3-monooxygenase/tryptophan 5-monooxygenase activation protein, zeta polypeptide, RAPGEF4  -  rap guanine nucleotide exchange factor (gef) 4, RAB23  -  rab23, member ras oncogene family, SHISA6  -  shisa family member 6, ATP8B1  -  atpase, aminophospholipid transporter, class i, type 8b, member 1, DLG3  -  discs, large homolog 3 (drosophila), TFDP2  -  transcription factor dp-2 (e2f dimerization partner 2), MAP2  -  microtubule-associated protein 2, PAK1  -  p21 protein (cdc42/rac)-activated kinase 1, AHI1  -  abelson helper integration site 1, GRIK5  -  glutamate receptor, ionotropic, kainate 5, STXBP5  -  syntaxin binding protein 5 (tomosyn), KCNQ5  -  potassium voltage-gated channel, kqt-like subfamily, member 5, GRIN2A  -  glutamate receptor, ionotropic, n-methyl d-aspartate 2a, GRIN2B  -  glutamate receptor, ionotropic, n-methyl d-aspartate 2b, KCND2  -  potassium voltage-gated channel, shal-related subfamily, member 2, SMPD3  -  sphingomyelin phosphodiesterase 3, neutral membrane (neutral sphingomyelinase ii), SNAP91  -  synaptosomal-associated protein, 91kda, BRAF  -  v-raf murine sarcoma viral oncogene homolog b, KCNJ3  -  potassium inwardly-rectifying channel, subfamily j, member 3, GRM5  -  glutamate receptor, metabotropic 5, RAB27B  -  rab27b, member ras oncogene family, KCNJ6  -  potassium inwardly-rectifying channel, subfamily j, member 6, SCN8A  -  sodium channel, voltage gated, type viii, alpha subunit, SYT1  -  synaptotagmin i, HECW1  -  hect, c2 and ww domain containing e3 ubiquitin protein ligase 1, ACVR1C  -  activin a receptor, type ic]"
GO:0051668,localization within membrane,1.19E-4,6.05E-2,2.39,3711,53,703,24,"[SYNGAP1  -  synaptic ras gtpase activating protein 1, GRIK5  -  glutamate receptor, ionotropic, kainate 5, SHANK3  -  sh3 and multiple ankyrin repeat domains 3, CACNG7  -  calcium channel, voltage-dependent, gamma subunit 7, PTN  -  pleiotrophin, AGRN  -  agrin, REEP2  -  receptor accessory protein 2, NETO1  -  neuropilin (nrp) and tolloid (tll)-like 1, SNAP25  -  synaptosomal-associated protein, 25kda, YJEFN3  -  yjef n-terminal domain containing 3, FLNA  -  filamin a, alpha, LHFPL4  -  lipoma hmgic fusion partner-like 4, RFTN1  -  raftlin, lipid raft linker 1, KIF5A  -  kinesin family member 5a, MAGI2  -  membrane associated guanylate kinase, ww and pdz domain containing 2, SHISA6  -  shisa family member 6, DLG3  -  discs, large homolog 3 (drosophila), SHISA7  -  shisa family member 7, DLG4  -  discs, large homolog 4 (drosophila), GRIP1  -  glutamate receptor interacting protein 1, NRXN1  -  neurexin 1, ADAM22  -  adam metallopeptidase domain 22, NRXN2  -  neurexin 2, DNM3  -  dynamin 3]"
GO:0050890,cognition,1.32E-4,6.41E-2,2,3711,114,620,38,"[CUX2  -  cut-like homeobox 2, SHANK3  -  sh3 and multiple ankyrin repeat domains 3, PTPRZ1  -  protein tyrosine phosphatase, receptor-type, z polypeptide 1, NETO1  -  neuropilin (nrp) and tolloid (tll)-like 1, SRF  -  serum response factor (c-fos serum response element-binding transcription factor), SOBP  -  sine oculis binding protein homolog (drosophila), PLK2  -  polo-like kinase 2, NPTX2  -  neuronal pentraxin ii, MEF2C  -  myocyte enhancer factor 2c, MAP1A  -  microtubule-associated protein 1a, DLG4  -  discs, large homolog 4 (drosophila), ADCY1  -  adenylate cyclase 1 (brain), NLGN3  -  neuroligin 3, NPTN  -  neuroplastin, MAPT  -  microtubule-associated protein tau, ATP8A1  -  atpase, aminophospholipid transporter (aplt), class i, type 8a, member 1, ADCY8  -  adenylate cyclase 8 (brain), SYNGAP1  -  synaptic ras gtpase activating protein 1, NLGN4X  -  neuroligin 4, x-linked, PTCHD1  -  patched domain containing 1, TBR1  -  t-box, brain, 1, GRIN2A  -  glutamate receptor, ionotropic, n-methyl d-aspartate 2a, PTN  -  pleiotrophin, GRIN2B  -  glutamate receptor, ionotropic, n-methyl d-aspartate 2b, SNAP25  -  synaptosomal-associated protein, 25kda, FYN  -  fyn oncogene related to src, fgr, yes, NRXN3  -  neurexin 3, GRM5  -  glutamate receptor, metabotropic 5, CREB1  -  camp responsive element binding protein 1, SHISA7  -  shisa family member 7, SORCS3  -  sortilin-related vps10 domain containing receptor 3, FGF13  -  fibroblast growth factor 13, CIC  -  capicua transcriptional repressor, NRXN1  -  neurexin 1, NFATC4  -  nuclear factor of activated t-cells, cytoplasmic, calcineurin-dependent 4, NRXN2  -  neurexin 2, CNTNAP2  -  contactin associated protein-like 2, TAC1  -  tachykinin, precursor 1]"
GO:0010769,regulation of cell morphogenesis involved in differentiation,1.72E-4,7.96E-2,3.46,3711,127,135,16,"[SEMA3C  -  sema domain, immunoglobulin domain (ig), short basic domain, secreted, (semaphorin) 3c, SYNGAP1  -  synaptic ras gtpase activating protein 1, DCC  -  deleted in colorectal carcinoma, PTPRS  -  protein tyrosine phosphatase, receptor type, s, PPFIA2  -  protein tyrosine phosphatase, receptor type, f polypeptide (ptprf), interacting protein (liprin), alpha 2, DAB1  -  dab, reelin signal transducer, homolog 1 (drosophila), ABI2  -  abl-interactor 2, NIN  -  ninein (gsk3b interacting protein), FSTL4  -  follistatin-like 4, CAPRIN2  -  caprin family member 2, MAP2  -  microtubule-associated protein 2, NRCAM  -  neuronal cell adhesion molecule, PAK1  -  p21 protein (cdc42/rac)-activated kinase 1, HECW1  -  hect, c2 and ww domain containing e3 ubiquitin protein ligase 1, PAK3  -  p21 protein (cdc42/rac)-activated kinase 3, CHODL  -  chondrolectin]"
GO:0050770,regulation of axonogenesis,2.28E-4,1.01E-1,4.28,3711,77,135,12,"[SEMA3C  -  sema domain, immunoglobulin domain (ig), short basic domain, secreted, (semaphorin) 3c, SYNGAP1  -  synaptic ras gtpase activating protein 1, FSTL4  -  follistatin-like 4, NIN  -  ninein (gsk3b interacting protein), DCC  -  deleted in colorectal carcinoma, PTPRS  -  protein tyrosine phosphatase, receptor type, s, NRCAM  -  neuronal cell adhesion molecule, MAP2  -  microtubule-associated protein 2, PAK1  -  p21 protein (cdc42/rac)-activated kinase 1, DAB1  -  dab, reelin signal transducer, homolog 1 (drosophila), PAK3  -  p21 protein (cdc42/rac)-activated kinase 3, CHODL  -  chondrolectin]"
GO:0051128,regulation of cellular component organization,2.44E-4,1.04E-1,1.33,3711,697,620,155,"[SEMA3C  -  sema domain, immunoglobulin domain (ig), short basic domain, secreted, (semaphorin) 3c, SHANK3  -  sh3 and multiple ankyrin repeat domains 3, NRG1  -  neuregulin 1, AGRN  -  agrin, ARHGEF10  -  rho guanine nucleotide exchange factor (gef) 10, MAPRE3  -  microtubule-associated protein, rp/eb family, member 3, IL1RAPL2  -  interleukin 1 receptor accessory protein-like 2, APBB2  -  amyloid beta (a4) precursor protein-binding, family b, member 2, ABCA3  -  atp-binding cassette, sub-family a (abc1), member 3, TAL1  -  t-cell acute lymphocytic leukemia 1, PAK1  -  p21 protein (cdc42/rac)-activated kinase 1, PAK3  -  p21 protein (cdc42/rac)-activated kinase 3, GPM6A  -  glycoprotein m6a, NPTN  -  neuroplastin, CD47  -  cd47 molecule, BRSK2  -  br serine/threonine kinase 2, RHOJ  -  ras homolog family member j, RGS4  -  regulator of g-protein signaling 4, AHI1  -  abelson helper integration site 1, MCTP1  -  multiple c2 domains, transmembrane 1, PAX5  -  paired box 5, FYN  -  fyn oncogene related to src, fgr, yes, DAB1  -  dab, reelin signal transducer, homolog 1 (drosophila), SNAP25  -  synaptosomal-associated protein, 25kda, SMPD3  -  sphingomyelin phosphodiesterase 3, neutral membrane (neutral sphingomyelinase ii), BRCA1  -  breast cancer 1, early onset, CLSTN2  -  calsyntenin 2, FGF13  -  fibroblast growth factor 13, NRXN1  -  neurexin 1, NFATC4  -  nuclear factor of activated t-cells, cytoplasmic, calcineurin-dependent 4, SGIP1  -  sh3-domain grb2-like (endophilin) interacting protein 1, CUX2  -  cut-like homeobox 2, RIMS2  -  regulating synaptic membrane exocytosis 2, SYT7  -  synaptotagmin vii, RIMS1  -  regulating synaptic membrane exocytosis 1, ACTN4  -  actinin, alpha 4, CDH8  -  cadherin 8, type 2, DCC  -  deleted in colorectal carcinoma, IGF1R  -  insulin-like growth factor 1 receptor, RND3  -  rho family gtpase 3, YWHAB  -  tyrosine 3-monooxygenase/tryptophan 5-monooxygenase activation protein, beta polypeptide, JAM3  -  junctional adhesion molecule 3, YWHAZ  -  tyrosine 3-monooxygenase/tryptophan 5-monooxygenase activation protein, zeta polypeptide, ZNF639  -  zinc finger protein 639, NIN  -  ninein (gsk3b interacting protein), SHISA6  -  shisa family member 6, SEMA3E  -  sema domain, immunoglobulin domain (ig), short basic domain, secreted, (semaphorin) 3e, MAP1A  -  microtubule-associated protein 1a, CLIP3  -  cap-gly domain containing linker protein 3, MAP1B  -  microtubule-associated protein 1b, MAP2  -  microtubule-associated protein 2, NLGN3  -  neuroligin 3, MAPT  -  microtubule-associated protein tau, PTK2  -  protein tyrosine kinase 2, PPP1R9A  -  protein phosphatase 1, regulatory subunit 9a, GRIK5  -  glutamate receptor, ionotropic, kainate 5, ZNF804A  -  zinc finger protein 804a, ADD3  -  adducin 3 (gamma), GRIN2B  -  glutamate receptor, ionotropic, n-methyl d-aspartate 2b, PTN  -  pleiotrophin, GAS2  -  growth arrest-specific 2, FLNA  -  filamin a, alpha, PRDM11  -  pr domain containing 11, CREB1  -  camp responsive element binding protein 1, SHISA7  -  shisa family member 7, COCH  -  cochlin, CAPRIN2  -  caprin family member 2, TOX  -  thymocyte selection-associated high mobility group box, HECW1  -  hect, c2 and ww domain containing e3 ubiquitin protein ligase 1, PTPRD  -  protein tyrosine phosphatase, receptor type, d, FN1  -  fibronectin 1, STXBP6  -  syntaxin binding protein 6 (amisyn), ZFYVE16  -  zinc finger, fyve domain containing 16, PTPRG  -  protein tyrosine phosphatase, receptor type, g, PPP1R16B  -  protein phosphatase 1, regulatory subunit 16b, CBFA2T2  -  core-binding factor, runt domain, alpha subunit 2; translocated to, 2, DNM3  -  dynamin 3, SPTBN1  -  spectrin, beta, non-erythrocytic 1, MAP9  -  microtubule-associated protein 9, FAM171A1  -  family with sequence similarity 171, member a1, MAPRE2  -  microtubule-associated protein, rp/eb family, member 2, PTPRS  -  protein tyrosine phosphatase, receptor type, s, CACNG7  -  calcium channel, voltage-dependent, gamma subunit 7, PPFIA2  -  protein tyrosine phosphatase, receptor type, f polypeptide (ptprf), interacting protein (liprin), alpha 2, SREBF1  -  sterol regulatory element binding transcription factor 1, EPHA7  -  eph receptor a7, SREBF2  -  sterol regulatory element binding transcription factor 2, SRF  -  serum response factor (c-fos serum response element-binding transcription factor), EPHB1  -  eph receptor b1, FLRT2  -  fibronectin leucine rich transmembrane protein 2, SEMA6A  -  sema domain, transmembrane domain (tm), and cytoplasmic domain, (semaphorin) 6a, ENC1  -  ectodermal-neural cortex 1 (with btb domain), FSTL4  -  follistatin-like 4, CALM1  -  calmodulin 1 (phosphorylase kinase, delta), ATP8B1  -  atpase, aminophospholipid transporter, class i, type 8b, member 1, MEF2C  -  myocyte enhancer factor 2c, TFDP2  -  transcription factor dp-2 (e2f dimerization partner 2), DLG4  -  discs, large homolog 4 (drosophila), GRIP1  -  glutamate receptor interacting protein 1, CORO2B  -  coronin, actin binding protein, 2b, NRCAM  -  neuronal cell adhesion molecule, GFI1  -  growth factor independent 1 transcription repressor, RUFY2  -  run and fyve domain containing 2, CALM3  -  calmodulin 3 (phosphorylase kinase, delta), TFR2  -  transferrin receptor 2, CHODL  -  chondrolectin, ATP8A1  -  atpase, aminophospholipid transporter (aplt), class i, type 8a, member 1, PFN2  -  profilin 2, L1CAM  -  l1 cell adhesion molecule, SYNGAP1  -  synaptic ras gtpase activating protein 1, METRN  -  meteorin, glial cell differentiation regulator, TBR1  -  t-box, brain, 1, RND1  -  rho family gtpase 1, NECAB2  -  n-terminal ef-hand calcium binding protein 2, SYT2  -  synaptotagmin ii, PRKAA2  -  protein kinase, amp-activated, alpha 2 catalytic subunit, OPTN  -  optineurin, RAD21  -  rad21 homolog (s. pombe), ZEB2  -  zinc finger e-box binding homeobox 2, RHOBTB3  -  rho-related btb domain containing 3, SHROOM3  -  shroom family member 3, HEY2  -  hairy/enhancer-of-split related with yrpw motif 2, INSIG1  -  insulin induced gene 1, H2AFY  -  h2a histone family, member y, SERPINI1  -  serpin peptidase inhibitor, clade i (neuroserpin), member 1, TRIM9  -  tripartite motif containing 9, INSM1  -  insulinoma-associated 1, ABI2  -  abl-interactor 2, MITF  -  microphthalmia-associated transcription factor, PLK2  -  polo-like kinase 2, LRRN1  -  leucine rich repeat neuronal 1, PRKD1  -  protein kinase d1, MYO9A  -  myosin ixa, MYO10  -  myosin x, MAGI2  -  membrane associated guanylate kinase, ww and pdz domain containing 2, ZSWIM5  -  zinc finger, swim-type containing 5, STMN2  -  stathmin-like 2, KANK1  -  kn motif and ankyrin repeat domains 1, CTNNB1  -  catenin (cadherin-associated protein), beta 1, 88kda, NCKAP1  -  nck-associated protein 1, RB1  -  retinoblastoma 1, KDM5A  -  lysine (k)-specific demethylase 5a, STXBP5  -  syntaxin binding protein 5 (tomosyn), NTNG2  -  netrin g2, RREB1  -  ras responsive element binding protein 1, RHOBTB1  -  rho-related btb domain containing 1, SNAP91  -  synaptosomal-associated protein, 91kda, SVIL  -  supervillin, LHFPL4  -  lipoma hmgic fusion partner-like 4, ABLIM3  -  actin binding lim protein family, member 3, RHOBTB2  -  rho-related btb domain containing 2, SYNE2  -  spectrin repeat containing, nuclear envelope 2, PROX1  -  prospero homeobox 1, SYT1  -  synaptotagmin i, TAC1  -  tachykinin, precursor 1]"
GO:0051960,regulation of nervous system development,2.58E-4,1.06E-1,1.48,3711,363,637,92,"[SEMA3C  -  sema domain, immunoglobulin domain (ig), short basic domain, secreted, (semaphorin) 3c, KDM4C  -  lysine (k)-specific demethylase 4c, PTPRO  -  protein tyrosine phosphatase, receptor type, o, SHANK3  -  sh3 and multiple ankyrin repeat domains 3, PTPRS  -  protein tyrosine phosphatase, receptor type, s, CACNG7  -  calcium channel, voltage-dependent, gamma subunit 7, PTPRZ1  -  protein tyrosine phosphatase, receptor-type, z polypeptide 1, AGRN  -  agrin, PPFIA2  -  protein tyrosine phosphatase, receptor type, f polypeptide (ptprf), interacting protein (liprin), alpha 2, EPHA7  -  eph receptor a7, EPHB1  -  eph receptor b1, SRF  -  serum response factor (c-fos serum response element-binding transcription factor), IL1RAPL2  -  interleukin 1 receptor accessory protein-like 2, FLRT2  -  fibronectin leucine rich transmembrane protein 2, SEMA6A  -  sema domain, transmembrane domain (tm), and cytoplasmic domain, (semaphorin) 6a, ENC1  -  ectodermal-neural cortex 1 (with btb domain), FSTL4  -  follistatin-like 4, CDON  -  cell adhesion associated, oncogene regulated, MEF2C  -  myocyte enhancer factor 2c, DLG4  -  discs, large homolog 4 (drosophila), GRIP1  -  glutamate receptor interacting protein 1, NRCAM  -  neuronal cell adhesion molecule, PAK1  -  p21 protein (cdc42/rac)-activated kinase 1, GFI1  -  growth factor independent 1 transcription repressor, PAK3  -  p21 protein (cdc42/rac)-activated kinase 3, NPTN  -  neuroplastin, CHODL  -  chondrolectin, BEND6  -  ben domain containing 6, BRSK2  -  br serine/threonine kinase 2, L1CAM  -  l1 cell adhesion molecule, SYNGAP1  -  synaptic ras gtpase activating protein 1, METRN  -  meteorin, glial cell differentiation regulator, TBR1  -  t-box, brain, 1, BCL11B  -  b-cell cll/lymphoma 11b (zinc finger protein), FYN  -  fyn oncogene related to src, fgr, yes, DAB1  -  dab, reelin signal transducer, homolog 1 (drosophila), SNAP25  -  synaptosomal-associated protein, 25kda, CLSTN2  -  calsyntenin 2, HES1  -  hairy and enhancer of split 1, (drosophila), PBX1  -  pre-b-cell leukemia homeobox 1, SYT2  -  synaptotagmin ii, HEY1  -  hairy/enhancer-of-split related with yrpw motif 1, FGF13  -  fibroblast growth factor 13, NRXN1  -  neurexin 1, NFATC4  -  nuclear factor of activated t-cells, cytoplasmic, calcineurin-dependent 4, RIMS2  -  regulating synaptic membrane exocytosis 2, CUX2  -  cut-like homeobox 2, RIMS1  -  regulating synaptic membrane exocytosis 1, TCF12  -  transcription factor 12, DCC  -  deleted in colorectal carcinoma, HEY2  -  hairy/enhancer-of-split related with yrpw motif 2, PCP4  -  purkinje cell protein 4, ZC4H2  -  zinc finger, c4h2 domain containing, SERPINI1  -  serpin peptidase inhibitor, clade i (neuroserpin), member 1, ABI2  -  abl-interactor 2, YWHAZ  -  tyrosine 3-monooxygenase/tryptophan 5-monooxygenase activation protein, zeta polypeptide, LRRN1  -  leucine rich repeat neuronal 1, PLK2  -  polo-like kinase 2, MYO9A  -  myosin ixa, PRKD1  -  protein kinase d1, MAN2A1  -  mannosidase, alpha, class 2a, member 1, NIN  -  ninein (gsk3b interacting protein), MAGI2  -  membrane associated guanylate kinase, ww and pdz domain containing 2, ZSWIM5  -  zinc finger, swim-type containing 5, STMN2  -  stathmin-like 2, SEMA3E  -  sema domain, immunoglobulin domain (ig), short basic domain, secreted, (semaphorin) 3e, KANK1  -  kn motif and ankyrin repeat domains 1, MAP1B  -  microtubule-associated protein 1b, SOX11  -  sry (sex determining region y)-box 11, MAP2  -  microtubule-associated protein 2, NLGN3  -  neuroligin 3, CTNNB1  -  catenin (cadherin-associated protein), beta 1, 88kda, MAPT  -  microtubule-associated protein tau, PPP1R9A  -  protein phosphatase 1, regulatory subunit 9a, ZNF804A  -  zinc finger protein 804a, NTNG2  -  netrin g2, PTN  -  pleiotrophin, FLNA  -  filamin a, alpha, LHFPL4  -  lipoma hmgic fusion partner-like 4, WASF3  -  was protein family, member 3, CREB1  -  camp responsive element binding protein 1, CAPRIN2  -  caprin family member 2, PROX1  -  prospero homeobox 1, TOX  -  thymocyte selection-associated high mobility group box, SYT1  -  synaptotagmin i, PTPRD  -  protein tyrosine phosphatase, receptor type, d, HECW1  -  hect, c2 and ww domain containing e3 ubiquitin protein ligase 1, PLAG1  -  pleiomorphic adenoma gene 1, FN1  -  fibronectin 1, PTPRG  -  protein tyrosine phosphatase, receptor type, g, CBFA2T2  -  core-binding factor, runt domain, alpha subunit 2; translocated to, 2, DNM3  -  dynamin 3]"
GO:0022603,regulation of anatomical structure morphogenesis,2.7E-4,1.06E-1,1.39,3711,367,834,115,"[SEMA3C  -  sema domain, immunoglobulin domain (ig), short basic domain, secreted, (semaphorin) 3c, CYP1B1  -  cytochrome p450, family 1, subfamily b, polypeptide 1, SHANK3  -  sh3 and multiple ankyrin repeat domains 3, P4HB  -  prolyl 4-hydroxylase, beta polypeptide, HHEX  -  hematopoietically expressed homeobox, FOXJ2  -  forkhead box j2, CDC42EP4  -  cdc42 effector protein (rho gtpase binding) 4, CREB3L1  -  camp responsive element binding protein 3-like 1, PAK1  -  p21 protein (cdc42/rac)-activated kinase 1, PAK3  -  p21 protein (cdc42/rac)-activated kinase 3, PALM  -  paralemmin, PLXNA1  -  plexin a1, BRSK2  -  br serine/threonine kinase 2, RHOJ  -  ras homolog family member j, AHI1  -  abelson helper integration site 1, FYN  -  fyn oncogene related to src, fgr, yes, DAB1  -  dab, reelin signal transducer, homolog 1 (drosophila), BRCA1  -  breast cancer 1, early onset, DAB2  -  dab, mitogen-responsive phosphoprotein, homolog 2 (drosophila), SIN3A  -  sin3 transcription regulator family member a, FGF13  -  fibroblast growth factor 13, CELSR2  -  cadherin, egf lag seven-pass g-type receptor 2, NFATC4  -  nuclear factor of activated t-cells, cytoplasmic, calcineurin-dependent 4, FOXP1  -  forkhead box p1, HMGB1  -  high mobility group box 1, SYT3  -  synaptotagmin iii, PSMD12  -  proteasome (prosome, macropain) 26s subunit, non-atpase, 12, RIMS2  -  regulating synaptic membrane exocytosis 2, CUX2  -  cut-like homeobox 2, CCL3  -  chemokine (c-c motif) ligand 3, RIMS1  -  regulating synaptic membrane exocytosis 1, ACTN4  -  actinin, alpha 4, DCC  -  deleted in colorectal carcinoma, RND3  -  rho family gtpase 3, PRICKLE1  -  prickle homolog 1 (drosophila), NIN  -  ninein (gsk3b interacting protein), GADD45A  -  growth arrest and dna-damage-inducible, alpha, SEMA3E  -  sema domain, immunoglobulin domain (ig), short basic domain, secreted, (semaphorin) 3e, PTGIS  -  prostaglandin i2 (prostacyclin) synthase, MAP1B  -  microtubule-associated protein 1b, MAP2  -  microtubule-associated protein 2, MAPT  -  microtubule-associated protein tau, SP1  -  sp1 transcription factor, PTK2  -  protein tyrosine kinase 2, PPP1R9A  -  protein phosphatase 1, regulatory subunit 9a, SEMA4A  -  sema domain, immunoglobulin domain (ig), transmembrane domain (tm) and short cytoplasmic domain, (semaphorin) 4a, PTN  -  pleiotrophin, GAS2  -  growth arrest-specific 2, FLNA  -  filamin a, alpha, RSPO3  -  r-spondin 3, FLT1  -  fms-related tyrosine kinase 1, GATA4  -  gata binding protein 4, GATA6  -  gata binding protein 6, COCH  -  cochlin, CAPRIN2  -  caprin family member 2, PTPRD  -  protein tyrosine phosphatase, receptor type, d, HECW1  -  hect, c2 and ww domain containing e3 ubiquitin protein ligase 1, FN1  -  fibronectin 1, PPP1R16B  -  protein phosphatase 1, regulatory subunit 16b, DNM3  -  dynamin 3, PTPRO  -  protein tyrosine phosphatase, receptor type, o, NTN4  -  netrin 4, IL1RN  -  interleukin 1 receptor antagonist, FAM171A1  -  family with sequence similarity 171, member a1, PTPRS  -  protein tyrosine phosphatase, receptor type, s, CACNG7  -  calcium channel, voltage-dependent, gamma subunit 7, PPFIA2  -  protein tyrosine phosphatase, receptor type, f polypeptide (ptprf), interacting protein (liprin), alpha 2, EPHA7  -  eph receptor a7, SRF  -  serum response factor (c-fos serum response element-binding transcription factor), SEMA6A  -  sema domain, transmembrane domain (tm), and cytoplasmic domain, (semaphorin) 6a, FSTL4  -  follistatin-like 4, MEF2C  -  myocyte enhancer factor 2c, DLG4  -  discs, large homolog 4 (drosophila), GRIP1  -  glutamate receptor interacting protein 1, NRCAM  -  neuronal cell adhesion molecule, CHODL  -  chondrolectin, L1CAM  -  l1 cell adhesion molecule, APLNR  -  apelin receptor, SYNGAP1  -  synaptic ras gtpase activating protein 1, GTF2I  -  general transcription factor iii, METRN  -  meteorin, glial cell differentiation regulator, TBR1  -  t-box, brain, 1, TGIF2  -  tgfb-induced factor homeobox 2, HES1  -  hairy and enhancer of split 1, (drosophila), RND1  -  rho family gtpase 1, SYT2  -  synaptotagmin ii, HEY1  -  hairy/enhancer-of-split related with yrpw motif 1, ETS1  -  v-ets avian erythroblastosis virus e26 oncogene homolog 1, GPC3  -  glypican 3, RHOBTB3  -  rho-related btb domain containing 3, ADAMTS12  -  adam metallopeptidase with thrombospondin type 1 motif, 12, SHROOM3  -  shroom family member 3, HEY2  -  hairy/enhancer-of-split related with yrpw motif 2, H2AFY  -  h2a histone family, member y, YJEFN3  -  yjef n-terminal domain containing 3, ABI2  -  abl-interactor 2, PLK2  -  polo-like kinase 2, MYO9A  -  myosin ixa, PRKD1  -  protein kinase d1, MYO10  -  myosin x, MAGI2  -  membrane associated guanylate kinase, ww and pdz domain containing 2, ZSWIM5  -  zinc finger, swim-type containing 5, KANK1  -  kn motif and ankyrin repeat domains 1, CRB2  -  crumbs homolog 2 (drosophila), CTNNB1  -  catenin (cadherin-associated protein), beta 1, 88kda, GLUL  -  glutamate-ammonia ligase, NTNG2  -  netrin g2, RREB1  -  ras responsive element binding protein 1, RHOBTB1  -  rho-related btb domain containing 1, WASF3  -  was protein family, member 3, RHOBTB2  -  rho-related btb domain containing 2, PAX8  -  paired box 8, EZR  -  ezrin, PROX1  -  prospero homeobox 1, SYT1  -  synaptotagmin i]"
GO:0021942,radial glia guided migration of Purkinje cell,2.86E-4,1.09E-1,91.63,3711,3,27,2,"[RBFOX2  -  rna binding protein, fox-1 homolog (c. elegans) 2, DAB1  -  dab, reelin signal transducer, homolog 1 (drosophila)]"
GO:0021932,hindbrain radial glia guided cell migration,2.86E-4,1.05E-1,91.63,3711,3,27,2,"[RBFOX2  -  rna binding protein, fox-1 homolog (c. elegans) 2, DAB1  -  dab, reelin signal transducer, homolog 1 (drosophila)]"
GO:0050767,regulation of neurogenesis,3.4E-4,1.2E-1,1.51,3711,321,620,81,"[SEMA3C  -  sema domain, immunoglobulin domain (ig), short basic domain, secreted, (semaphorin) 3c, KDM4C  -  lysine (k)-specific demethylase 4c, SHANK3  -  sh3 and multiple ankyrin repeat domains 3, PTPRS  -  protein tyrosine phosphatase, receptor type, s, CACNG7  -  calcium channel, voltage-dependent, gamma subunit 7, PTPRZ1  -  protein tyrosine phosphatase, receptor-type, z polypeptide 1, PPFIA2  -  protein tyrosine phosphatase, receptor type, f polypeptide (ptprf), interacting protein (liprin), alpha 2, EPHA7  -  eph receptor a7, SRF  -  serum response factor (c-fos serum response element-binding transcription factor), FLRT2  -  fibronectin leucine rich transmembrane protein 2, SEMA6A  -  sema domain, transmembrane domain (tm), and cytoplasmic domain, (semaphorin) 6a, ENC1  -  ectodermal-neural cortex 1 (with btb domain), FSTL4  -  follistatin-like 4, CDON  -  cell adhesion associated, oncogene regulated, MEF2C  -  myocyte enhancer factor 2c, DLG4  -  discs, large homolog 4 (drosophila), GRIP1  -  glutamate receptor interacting protein 1, NRCAM  -  neuronal cell adhesion molecule, PAK1  -  p21 protein (cdc42/rac)-activated kinase 1, GFI1  -  growth factor independent 1 transcription repressor, PAK3  -  p21 protein (cdc42/rac)-activated kinase 3, NPTN  -  neuroplastin, CHODL  -  chondrolectin, BEND6  -  ben domain containing 6, BRSK2  -  br serine/threonine kinase 2, L1CAM  -  l1 cell adhesion molecule, SYNGAP1  -  synaptic ras gtpase activating protein 1, METRN  -  meteorin, glial cell differentiation regulator, TBR1  -  t-box, brain, 1, BCL11B  -  b-cell cll/lymphoma 11b (zinc finger protein), FYN  -  fyn oncogene related to src, fgr, yes, DAB1  -  dab, reelin signal transducer, homolog 1 (drosophila), SNAP25  -  synaptosomal-associated protein, 25kda, HES1  -  hairy and enhancer of split 1, (drosophila), PBX1  -  pre-b-cell leukemia homeobox 1, SYT2  -  synaptotagmin ii, HEY1  -  hairy/enhancer-of-split related with yrpw motif 1, FGF13  -  fibroblast growth factor 13, NFATC4  -  nuclear factor of activated t-cells, cytoplasmic, calcineurin-dependent 4, RIMS2  -  regulating synaptic membrane exocytosis 2, CUX2  -  cut-like homeobox 2, RIMS1  -  regulating synaptic membrane exocytosis 1, TCF12  -  transcription factor 12, DCC  -  deleted in colorectal carcinoma, HEY2  -  hairy/enhancer-of-split related with yrpw motif 2, PCP4  -  purkinje cell protein 4, ZC4H2  -  zinc finger, c4h2 domain containing, SERPINI1  -  serpin peptidase inhibitor, clade i (neuroserpin), member 1, ABI2  -  abl-interactor 2, PLK2  -  polo-like kinase 2, MYO9A  -  myosin ixa, PRKD1  -  protein kinase d1, MAN2A1  -  mannosidase, alpha, class 2a, member 1, NIN  -  ninein (gsk3b interacting protein), MAGI2  -  membrane associated guanylate kinase, ww and pdz domain containing 2, ZSWIM5  -  zinc finger, swim-type containing 5, STMN2  -  stathmin-like 2, SEMA3E  -  sema domain, immunoglobulin domain (ig), short basic domain, secreted, (semaphorin) 3e, KANK1  -  kn motif and ankyrin repeat domains 1, MAP1B  -  microtubule-associated protein 1b, SOX11  -  sry (sex determining region y)-box 11, MAP2  -  microtubule-associated protein 2, CTNNB1  -  catenin (cadherin-associated protein), beta 1, 88kda, MAPT  -  microtubule-associated protein tau, PPP1R9A  -  protein phosphatase 1, regulatory subunit 9a, ZNF804A  -  zinc finger protein 804a, NTNG2  -  netrin g2, PTN  -  pleiotrophin, FLNA  -  filamin a, alpha, CREB1  -  camp responsive element binding protein 1, CAPRIN2  -  caprin family member 2, PROX1  -  prospero homeobox 1, TOX  -  thymocyte selection-associated high mobility group box, SYT1  -  synaptotagmin i, PTPRD  -  protein tyrosine phosphatase, receptor type, d, HECW1  -  hect, c2 and ww domain containing e3 ubiquitin protein ligase 1, PLAG1  -  pleiomorphic adenoma gene 1, FN1  -  fibronectin 1, PTPRG  -  protein tyrosine phosphatase, receptor type, g, CBFA2T2  -  core-binding factor, runt domain, alpha subunit 2; translocated to, 2, DNM3  -  dynamin 3]"
GO:0050769,positive regulation of neurogenesis,3.78E-4,1.3E-1,1.73,3711,176,620,51,"[KDM4C  -  lysine (k)-specific demethylase 4c, SHANK3  -  sh3 and multiple ankyrin repeat domains 3, CACNG7  -  calcium channel, voltage-dependent, gamma subunit 7, PTPRZ1  -  protein tyrosine phosphatase, receptor-type, z polypeptide 1, SRF  -  serum response factor (c-fos serum response element-binding transcription factor), SEMA6A  -  sema domain, transmembrane domain (tm), and cytoplasmic domain, (semaphorin) 6a, ENC1  -  ectodermal-neural cortex 1 (with btb domain), CDON  -  cell adhesion associated, oncogene regulated, MEF2C  -  myocyte enhancer factor 2c, DLG4  -  discs, large homolog 4 (drosophila), GRIP1  -  glutamate receptor interacting protein 1, NRCAM  -  neuronal cell adhesion molecule, PAK1  -  p21 protein (cdc42/rac)-activated kinase 1, PAK3  -  p21 protein (cdc42/rac)-activated kinase 3, NPTN  -  neuroplastin, CHODL  -  chondrolectin, BEND6  -  ben domain containing 6, L1CAM  -  l1 cell adhesion molecule, METRN  -  meteorin, glial cell differentiation regulator, FYN  -  fyn oncogene related to src, fgr, yes, DAB1  -  dab, reelin signal transducer, homolog 1 (drosophila), HES1  -  hairy and enhancer of split 1, (drosophila), SYT2  -  synaptotagmin ii, CUX2  -  cut-like homeobox 2, RIMS2  -  regulating synaptic membrane exocytosis 2, RIMS1  -  regulating synaptic membrane exocytosis 1, TCF12  -  transcription factor 12, PCP4  -  purkinje cell protein 4, ZC4H2  -  zinc finger, c4h2 domain containing, SERPINI1  -  serpin peptidase inhibitor, clade i (neuroserpin), member 1, PRKD1  -  protein kinase d1, MAN2A1  -  mannosidase, alpha, class 2a, member 1, NIN  -  ninein (gsk3b interacting protein), MAGI2  -  membrane associated guanylate kinase, ww and pdz domain containing 2, STMN2  -  stathmin-like 2, MAP1B  -  microtubule-associated protein 1b, SOX11  -  sry (sex determining region y)-box 11, CTNNB1  -  catenin (cadherin-associated protein), beta 1, 88kda, MAPT  -  microtubule-associated protein tau, PPP1R9A  -  protein phosphatase 1, regulatory subunit 9a, ZNF804A  -  zinc finger protein 804a, PTN  -  pleiotrophin, FLNA  -  filamin a, alpha, CAPRIN2  -  caprin family member 2, PROX1  -  prospero homeobox 1, TOX  -  thymocyte selection-associated high mobility group box, SYT1  -  synaptotagmin i, PTPRD  -  protein tyrosine phosphatase, receptor type, d, PLAG1  -  pleiomorphic adenoma gene 1, FN1  -  fibronectin 1, CBFA2T2  -  core-binding factor, runt domain, alpha subunit 2; translocated to, 2]"
GO:0048167,regulation of synaptic plasticity,3.93E-4,1.31E-1,2.04,3711,94,620,32,"[RIMS2  -  regulating synaptic membrane exocytosis 2, SYT7  -  synaptotagmin vii, RIMS1  -  regulating synaptic membrane exocytosis 1, SHANK3  -  sh3 and multiple ankyrin repeat domains 3, MPP2  -  membrane protein, palmitoylated 2 (maguk p55 subfamily member 2), NETO1  -  neuropilin (nrp) and tolloid (tll)-like 1, SRF  -  serum response factor (c-fos serum response element-binding transcription factor), RIMS3  -  regulating synaptic membrane exocytosis 3, PLK2  -  polo-like kinase 2, SHISA6  -  shisa family member 6, MEF2C  -  myocyte enhancer factor 2c, IGSF11  -  immunoglobulin superfamily, member 11, DLG4  -  discs, large homolog 4 (drosophila), MAP1A  -  microtubule-associated protein 1a, MAP1B  -  microtubule-associated protein 1b, ADCY1  -  adenylate cyclase 1 (brain), NPTN  -  neuroplastin, MAPT  -  microtubule-associated protein tau, PPP1R9A  -  protein phosphatase 1, regulatory subunit 9a, UNC13C  -  unc-13 homolog c (c. elegans), ADCY8  -  adenylate cyclase 8 (brain), SYNGAP1  -  synaptic ras gtpase activating protein 1, MCTP1  -  multiple c2 domains, transmembrane 1, GRIN2A  -  glutamate receptor, ionotropic, n-methyl d-aspartate 2a, PTN  -  pleiotrophin, GRIN2B  -  glutamate receptor, ionotropic, n-methyl d-aspartate 2b, SNAP25  -  synaptosomal-associated protein, 25kda, GRM5  -  glutamate receptor, metabotropic 5, CREB1  -  camp responsive element binding protein 1, SHISA7  -  shisa family member 7, SORCS3  -  sortilin-related vps10 domain containing receptor 3, NFATC4  -  nuclear factor of activated t-cells, cytoplasmic, calcineurin-dependent 4]"
GO:0043113,receptor clustering,4.87E-4,1.57E-1,3.11,3711,25,620,13,"[SYNGAP1  -  synaptic ras gtpase activating protein 1, GRIK5  -  glutamate receptor, ionotropic, kainate 5, SHANK3  -  sh3 and multiple ankyrin repeat domains 3, PTN  -  pleiotrophin, AGRN  -  agrin, FLNA  -  filamin a, alpha, LHFPL4  -  lipoma hmgic fusion partner-like 4, MAGI2  -  membrane associated guanylate kinase, ww and pdz domain containing 2, DLG3  -  discs, large homolog 3 (drosophila), SHISA7  -  shisa family member 7, DLG4  -  discs, large homolog 4 (drosophila), NRXN1  -  neurexin 1, NRXN2  -  neurexin 2]"
GO:0043269,regulation of ion transport,5.09E-4,1.59E-1,2.04,3711,205,284,32,"[SYT7  -  synaptotagmin vii, KCNB2  -  potassium voltage-gated channel, shab-related subfamily, member 2, ACTN4  -  actinin, alpha 4, CACNA2D1  -  calcium channel, voltage-dependent, alpha 2/delta subunit 1, CACNB2  -  calcium channel, voltage-dependent, beta 2 subunit, CACNG7  -  calcium channel, voltage-dependent, gamma subunit 7, NETO2  -  neuropilin (nrp) and tolloid (tll)-like 2, NETO1  -  neuropilin (nrp) and tolloid (tll)-like 1, DPP10  -  dipeptidyl-peptidase 10 (non-functional), JPH1  -  junctophilin 1, ABCA3  -  atp-binding cassette, sub-family a (abc1), member 3, NKAIN3  -  na+/k+ transporting atpase interacting 3, SHISA6  -  shisa family member 6, ATP8B1  -  atpase, aminophospholipid transporter, class i, type 8b, member 1, DLG3  -  discs, large homolog 3 (drosophila), MEF2C  -  myocyte enhancer factor 2c, CTNNB1  -  catenin (cadherin-associated protein), beta 1, 88kda, ATP8A1  -  atpase, aminophospholipid transporter (aplt), class i, type 8a, member 1, KCNQ5  -  potassium voltage-gated channel, kqt-like subfamily, member 5, GRIN2A  -  glutamate receptor, ionotropic, n-methyl d-aspartate 2a, GRIN2B  -  glutamate receptor, ionotropic, n-methyl d-aspartate 2b, KCND2  -  potassium voltage-gated channel, shal-related subfamily, member 2, CA2  -  carbonic anhydrase ii, KCNJ3  -  potassium inwardly-rectifying channel, subfamily j, member 3, GRM5  -  glutamate receptor, metabotropic 5, ANK3  -  ankyrin 3, node of ranvier (ankyrin g), KCNJ6  -  potassium inwardly-rectifying channel, subfamily j, member 6, SCN8A  -  sodium channel, voltage gated, type viii, alpha subunit, SESTD1  -  sec14 and spectrin domains 1, SYT1  -  synaptotagmin i, HECW1  -  hect, c2 and ww domain containing e3 ubiquitin protein ligase 1, CACNA1D  -  calcium channel, voltage-dependent, l type, alpha 1d subunit]"
GO:0008360,regulation of cell shape,5.58E-4,1.7E-1,2.19,3711,47,829,23,"[CCL3  -  chemokine (c-c motif) ligand 3, RHOJ  -  ras homolog family member j, RHOBTB3  -  rho-related btb domain containing 3, SHROOM3  -  shroom family member 3, FAM171A1  -  family with sequence similarity 171, member a1, SEMA4A  -  sema domain, immunoglobulin domain (ig), transmembrane domain (tm) and short cytoplasmic domain, (semaphorin) 4a, PTN  -  pleiotrophin, RHOBTB1  -  rho-related btb domain containing 1, RND3  -  rho family gtpase 3, FYN  -  fyn oncogene related to src, fgr, yes, GAS2  -  growth arrest-specific 2, CDC42EP4  -  cdc42 effector protein (rho gtpase binding) 4, RND1  -  rho family gtpase 1, MYO10  -  myosin x, WASF3  -  was protein family, member 3, RHOBTB2  -  rho-related btb domain containing 2, SEMA3E  -  sema domain, immunoglobulin domain (ig), short basic domain, secreted, (semaphorin) 3e, COCH  -  cochlin, EZR  -  ezrin, FN1  -  fibronectin 1, PALM  -  paralemmin, PTK2  -  protein tyrosine kinase 2, PLXNA1  -  plexin a1]"
GO:0044087,regulation of cellular component biogenesis,5.74E-4,1.7E-1,1.51,3711,263,691,74,"[SPTBN1  -  spectrin, beta, non-erythrocytic 1, SHANK3  -  sh3 and multiple ankyrin repeat domains 3, NRG1  -  neuregulin 1, PTPRS  -  protein tyrosine phosphatase, receptor type, s, AGRN  -  agrin, EPHA7  -  eph receptor a7, ARHGEF10  -  rho guanine nucleotide exchange factor (gef) 10, EPHB1  -  eph receptor b1, SRF  -  serum response factor (c-fos serum response element-binding transcription factor), FLRT3  -  fibronectin leucine rich transmembrane protein 3, CDC42EP4  -  cdc42 effector protein (rho gtpase binding) 4, MAPRE3  -  microtubule-associated protein, rp/eb family, member 3, IL1RAPL2  -  interleukin 1 receptor accessory protein-like 2, FLRT2  -  fibronectin leucine rich transmembrane protein 2, ABCA3  -  atp-binding cassette, sub-family a (abc1), member 3, TAL1  -  t-cell acute lymphocytic leukemia 1, TPBG  -  trophoblast glycoprotein, TMSB10  -  thymosin beta 10, ATP8B1  -  atpase, aminophospholipid transporter, class i, type 8b, member 1, MEF2C  -  myocyte enhancer factor 2c, CORO2B  -  coronin, actin binding protein, 2b, PAK1  -  p21 protein (cdc42/rac)-activated kinase 1, DNAJA4  -  dnaj (hsp40) homolog, subfamily a, member 4, PAK3  -  p21 protein (cdc42/rac)-activated kinase 3, GPM6A  -  glycoprotein m6a, CD47  -  cd47 molecule, PFN2  -  profilin 2, SMPD3  -  sphingomyelin phosphodiesterase 3, neutral membrane (neutral sphingomyelinase ii), BRCA1  -  breast cancer 1, early onset, CLSTN2  -  calsyntenin 2, NRXN1  -  neurexin 1, PRKAA2  -  protein kinase, amp-activated, alpha 2 catalytic subunit, CUX2  -  cut-like homeobox 2, HEY2  -  hairy/enhancer-of-split related with yrpw motif 2, INSIG1  -  insulin induced gene 1, TRIM9  -  tripartite motif containing 9, INSM1  -  insulinoma-associated 1, JAM3  -  junctional adhesion molecule 3, ABI2  -  abl-interactor 2, LRRN1  -  leucine rich repeat neuronal 1, MITF  -  microphthalmia-associated transcription factor, PLK2  -  polo-like kinase 2, MYO10  -  myosin x, NIN  -  ninein (gsk3b interacting protein), STMN2  -  stathmin-like 2, KANK1  -  kn motif and ankyrin repeat domains 1, CCK  -  cholecystokinin, CLIP3  -  cap-gly domain containing linker protein 3, MAP1B  -  microtubule-associated protein 1b, MAP2  -  microtubule-associated protein 2, NLGN3  -  neuroligin 3, CTNNB1  -  catenin (cadherin-associated protein), beta 1, 88kda, MAPT  -  microtubule-associated protein tau, PTK2  -  protein tyrosine kinase 2, PPP1R9A  -  protein phosphatase 1, regulatory subunit 9a, NCKAP1  -  nck-associated protein 1, RB1  -  retinoblastoma 1, STXBP5  -  syntaxin binding protein 5 (tomosyn), NTNG2  -  netrin g2, ADD3  -  adducin 3 (gamma), SEMA4A  -  sema domain, immunoglobulin domain (ig), transmembrane domain (tm) and short cytoplasmic domain, (semaphorin) 4a, FLNA  -  filamin a, alpha, SVIL  -  supervillin, LHFPL4  -  lipoma hmgic fusion partner-like 4, WASF3  -  was protein family, member 3, CREB1  -  camp responsive element binding protein 1, SYNE2  -  spectrin repeat containing, nuclear envelope 2, PROX1  -  prospero homeobox 1, EZR  -  ezrin, PTPRD  -  protein tyrosine phosphatase, receptor type, d, STXBP6  -  syntaxin binding protein 6 (amisyn), TAC1  -  tachykinin, precursor 1, PPP1R16B  -  protein phosphatase 1, regulatory subunit 16b, DNM3  -  dynamin 3]"
GO:0010720,positive regulation of cell development,5.86E-4,1.69E-1,1.64,3711,197,620,54,"[SEMA3C  -  sema domain, immunoglobulin domain (ig), short basic domain, secreted, (semaphorin) 3c, KDM4C  -  lysine (k)-specific demethylase 4c, SHANK3  -  sh3 and multiple ankyrin repeat domains 3, CACNG7  -  calcium channel, voltage-dependent, gamma subunit 7, PTPRZ1  -  protein tyrosine phosphatase, receptor-type, z polypeptide 1, SRF  -  serum response factor (c-fos serum response element-binding transcription factor), SEMA6A  -  sema domain, transmembrane domain (tm), and cytoplasmic domain, (semaphorin) 6a, ENC1  -  ectodermal-neural cortex 1 (with btb domain), CDON  -  cell adhesion associated, oncogene regulated, MEF2C  -  myocyte enhancer factor 2c, DLG4  -  discs, large homolog 4 (drosophila), GRIP1  -  glutamate receptor interacting protein 1, NRCAM  -  neuronal cell adhesion molecule, PAK1  -  p21 protein (cdc42/rac)-activated kinase 1, RFX3  -  regulatory factor x, 3 (influences hla class ii expression), PAK3  -  p21 protein (cdc42/rac)-activated kinase 3, NPTN  -  neuroplastin, CHODL  -  chondrolectin, BEND6  -  ben domain containing 6, L1CAM  -  l1 cell adhesion molecule, METRN  -  meteorin, glial cell differentiation regulator, FYN  -  fyn oncogene related to src, fgr, yes, DAB1  -  dab, reelin signal transducer, homolog 1 (drosophila), HES1  -  hairy and enhancer of split 1, (drosophila), SYT2  -  synaptotagmin ii, RIMS2  -  regulating synaptic membrane exocytosis 2, CUX2  -  cut-like homeobox 2, RIMS1  -  regulating synaptic membrane exocytosis 1, TCF12  -  transcription factor 12, PCP4  -  purkinje cell protein 4, ZC4H2  -  zinc finger, c4h2 domain containing, SERPINI1  -  serpin peptidase inhibitor, clade i (neuroserpin), member 1, PRKD1  -  protein kinase d1, MAN2A1  -  mannosidase, alpha, class 2a, member 1, NIN  -  ninein (gsk3b interacting protein), MAGI2  -  membrane associated guanylate kinase, ww and pdz domain containing 2, STMN2  -  stathmin-like 2, MAP1B  -  microtubule-associated protein 1b, SOX11  -  sry (sex determining region y)-box 11, CTNNB1  -  catenin (cadherin-associated protein), beta 1, 88kda, MAPT  -  microtubule-associated protein tau, PPP1R9A  -  protein phosphatase 1, regulatory subunit 9a, ZNF804A  -  zinc finger protein 804a, RREB1  -  ras responsive element binding protein 1, PTN  -  pleiotrophin, FLNA  -  filamin a, alpha, CAPRIN2  -  caprin family member 2, PROX1  -  prospero homeobox 1, TOX  -  thymocyte selection-associated high mobility group box, SYT1  -  synaptotagmin i, PTPRD  -  protein tyrosine phosphatase, receptor type, d, PLAG1  -  pleiomorphic adenoma gene 1, FN1  -  fibronectin 1, CBFA2T2  -  core-binding factor, runt domain, alpha subunit 2; translocated to, 2]"
GO:0051493,regulation of cytoskeleton organization,6.34E-4,1.78E-1,1.79,3711,141,631,43,"[SPTBN1  -  spectrin, beta, non-erythrocytic 1, MAP9  -  microtubule-associated protein 9, RHOBTB3  -  rho-related btb domain containing 3, SHANK3  -  sh3 and multiple ankyrin repeat domains 3, MAPRE2  -  microtubule-associated protein, rp/eb family, member 2, RND3  -  rho family gtpase 3, ARHGEF10  -  rho guanine nucleotide exchange factor (gef) 10, JAM3  -  junctional adhesion molecule 3, ABI2  -  abl-interactor 2, MAPRE3  -  microtubule-associated protein, rp/eb family, member 3, CDC42EP4  -  cdc42 effector protein (rho gtpase binding) 4, PLK2  -  polo-like kinase 2, NIN  -  ninein (gsk3b interacting protein), STMN2  -  stathmin-like 2, SEMA3E  -  sema domain, immunoglobulin domain (ig), short basic domain, secreted, (semaphorin) 3e, CLIP3  -  cap-gly domain containing linker protein 3, MAP1A  -  microtubule-associated protein 1a, KANK1  -  kn motif and ankyrin repeat domains 1, MAP1B  -  microtubule-associated protein 1b, MAP2  -  microtubule-associated protein 2, CORO2B  -  coronin, actin binding protein, 2b, PAK1  -  p21 protein (cdc42/rac)-activated kinase 1, CTNNB1  -  catenin (cadherin-associated protein), beta 1, 88kda, PAK3  -  p21 protein (cdc42/rac)-activated kinase 3, MAPT  -  microtubule-associated protein tau, CD47  -  cd47 molecule, PPP1R9A  -  protein phosphatase 1, regulatory subunit 9a, PTK2  -  protein tyrosine kinase 2, NCKAP1  -  nck-associated protein 1, PFN2  -  profilin 2, RGS4  -  regulator of g-protein signaling 4, ADD3  -  adducin 3 (gamma), RHOBTB1  -  rho-related btb domain containing 1, BRCA1  -  breast cancer 1, early onset, FLNA  -  filamin a, alpha, SVIL  -  supervillin, RND1  -  rho family gtpase 1, WASF3  -  was protein family, member 3, RHOBTB2  -  rho-related btb domain containing 2, FGF13  -  fibroblast growth factor 13, PROX1  -  prospero homeobox 1, PRKAA2  -  protein kinase, amp-activated, alpha 2 catalytic subunit, TAC1  -  tachykinin, precursor 1]"
GO:0034765,regulation of ion transmembrane transport,6.51E-4,1.78E-1,3.1,3711,146,131,16,"[KCNB2  -  potassium voltage-gated channel, shab-related subfamily, member 2, GRIN2A  -  glutamate receptor, ionotropic, n-methyl d-aspartate 2a, CACNB2  -  calcium channel, voltage-dependent, beta 2 subunit, KCNQ5  -  potassium voltage-gated channel, kqt-like subfamily, member 5, GRIN2B  -  glutamate receptor, ionotropic, n-methyl d-aspartate 2b, KCND2  -  potassium voltage-gated channel, shal-related subfamily, member 2, NETO1  -  neuropilin (nrp) and tolloid (tll)-like 1, JPH1  -  junctophilin 1, DPP10  -  dipeptidyl-peptidase 10 (non-functional), KCNJ3  -  potassium inwardly-rectifying channel, subfamily j, member 3, GRM5  -  glutamate receptor, metabotropic 5, KCNJ6  -  potassium inwardly-rectifying channel, subfamily j, member 6, SCN8A  -  sodium channel, voltage gated, type viii, alpha subunit, SHISA6  -  shisa family member 6, DLG3  -  discs, large homolog 3 (drosophila), HECW1  -  hect, c2 and ww domain containing e3 ubiquitin protein ligase 1]"
GO:0017157,regulation of exocytosis,7.2E-4,1.92E-1,4.08,3711,69,145,11,"[RAPGEF4  -  rap guanine nucleotide exchange factor (gef) 4, RAB27B  -  rab27b, member ras oncogene family, SYT7  -  synaptotagmin vii, RIMS1  -  regulating synaptic membrane exocytosis 1, STXBP5  -  syntaxin binding protein 5 (tomosyn), GRIK5  -  glutamate receptor, ionotropic, kainate 5, CACNB2  -  calcium channel, voltage-dependent, beta 2 subunit, PPFIA2  -  protein tyrosine phosphatase, receptor type, f polypeptide (ptprf), interacting protein (liprin), alpha 2, SYT1  -  synaptotagmin i, SMPD3  -  sphingomyelin phosphodiesterase 3, neutral membrane (neutral sphingomyelinase ii), TRIM9  -  tripartite motif containing 9]"
GO:0060284,regulation of cell development,8.18E-4,2.12E-1,1.45,3711,359,620,87,"[SEMA3C  -  sema domain, immunoglobulin domain (ig), short basic domain, secreted, (semaphorin) 3c, KDM4C  -  lysine (k)-specific demethylase 4c, SHANK3  -  sh3 and multiple ankyrin repeat domains 3, PTPRS  -  protein tyrosine phosphatase, receptor type, s, CACNG7  -  calcium channel, voltage-dependent, gamma subunit 7, PTPRZ1  -  protein tyrosine phosphatase, receptor-type, z polypeptide 1, PPFIA2  -  protein tyrosine phosphatase, receptor type, f polypeptide (ptprf), interacting protein (liprin), alpha 2, EPHA7  -  eph receptor a7, SRF  -  serum response factor (c-fos serum response element-binding transcription factor), FLRT2  -  fibronectin leucine rich transmembrane protein 2, SEMA6A  -  sema domain, transmembrane domain (tm), and cytoplasmic domain, (semaphorin) 6a, ENC1  -  ectodermal-neural cortex 1 (with btb domain), FSTL4  -  follistatin-like 4, CDON  -  cell adhesion associated, oncogene regulated, MEF2C  -  myocyte enhancer factor 2c, DLG4  -  discs, large homolog 4 (drosophila), GRIP1  -  glutamate receptor interacting protein 1, NRCAM  -  neuronal cell adhesion molecule, PAK1  -  p21 protein (cdc42/rac)-activated kinase 1, GFI1  -  growth factor independent 1 transcription repressor, RFX3  -  regulatory factor x, 3 (influences hla class ii expression), PAK3  -  p21 protein (cdc42/rac)-activated kinase 3, NPTN  -  neuroplastin, CHODL  -  chondrolectin, BEND6  -  ben domain containing 6, BRSK2  -  br serine/threonine kinase 2, L1CAM  -  l1 cell adhesion molecule, SYNGAP1  -  synaptic ras gtpase activating protein 1, RGS4  -  regulator of g-protein signaling 4, METRN  -  meteorin, glial cell differentiation regulator, TBR1  -  t-box, brain, 1, BCL11B  -  b-cell cll/lymphoma 11b (zinc finger protein), FYN  -  fyn oncogene related to src, fgr, yes, DAB1  -  dab, reelin signal transducer, homolog 1 (drosophila), SNAP25  -  synaptosomal-associated protein, 25kda, HES1  -  hairy and enhancer of split 1, (drosophila), PBX1  -  pre-b-cell leukemia homeobox 1, SYT2  -  synaptotagmin ii, HEY1  -  hairy/enhancer-of-split related with yrpw motif 1, FGF13  -  fibroblast growth factor 13, NFATC4  -  nuclear factor of activated t-cells, cytoplasmic, calcineurin-dependent 4, RIMS2  -  regulating synaptic membrane exocytosis 2, CUX2  -  cut-like homeobox 2, RIMS1  -  regulating synaptic membrane exocytosis 1, TCF12  -  transcription factor 12, ACTN4  -  actinin, alpha 4, DCC  -  deleted in colorectal carcinoma, HEY2  -  hairy/enhancer-of-split related with yrpw motif 2, PCP4  -  purkinje cell protein 4, ZC4H2  -  zinc finger, c4h2 domain containing, SERPINI1  -  serpin peptidase inhibitor, clade i (neuroserpin), member 1, ABI2  -  abl-interactor 2, PLK2  -  polo-like kinase 2, MYO9A  -  myosin ixa, PRKD1  -  protein kinase d1, MAN2A1  -  mannosidase, alpha, class 2a, member 1, NIN  -  ninein (gsk3b interacting protein), MAGI2  -  membrane associated guanylate kinase, ww and pdz domain containing 2, ZSWIM5  -  zinc finger, swim-type containing 5, STMN2  -  stathmin-like 2, SEMA3E  -  sema domain, immunoglobulin domain (ig), short basic domain, secreted, (semaphorin) 3e, KANK1  -  kn motif and ankyrin repeat domains 1, MAP1B  -  microtubule-associated protein 1b, SOX11  -  sry (sex determining region y)-box 11, MAP2  -  microtubule-associated protein 2, CLOCK  -  clock circadian regulator, CTNNB1  -  catenin (cadherin-associated protein), beta 1, 88kda, MAPT  -  microtubule-associated protein tau, PTK2  -  protein tyrosine kinase 2, PPP1R9A  -  protein phosphatase 1, regulatory subunit 9a, ZNF804A  -  zinc finger protein 804a, NTNG2  -  netrin g2, RREB1  -  ras responsive element binding protein 1, PTN  -  pleiotrophin, FLNA  -  filamin a, alpha, CREB1  -  camp responsive element binding protein 1, CAPRIN2  -  caprin family member 2, PROX1  -  prospero homeobox 1, TOX  -  thymocyte selection-associated high mobility group box, SYT1  -  synaptotagmin i, PTPRD  -  protein tyrosine phosphatase, receptor type, d, HECW1  -  hect, c2 and ww domain containing e3 ubiquitin protein ligase 1, PLAG1  -  pleiomorphic adenoma gene 1, FN1  -  fibronectin 1, PTPRG  -  protein tyrosine phosphatase, receptor type, g, CBFA2T2  -  core-binding factor, runt domain, alpha subunit 2; translocated to, 2, DNM3  -  dynamin 3]"
GO:0000165,MAPK cascade,9.14E-4,2.32E-1,4.43,3711,92,91,10,"[SYNGAP1  -  synaptic ras gtpase activating protein 1, DLG3  -  discs, large homolog 3 (drosophila), SRPK2  -  srsf protein kinase 2, NRG1  -  neuregulin 1, GRIN2B  -  glutamate receptor, ionotropic, n-methyl d-aspartate 2b, PAK3  -  p21 protein (cdc42/rac)-activated kinase 3, SHC2  -  shc (src homology 2 domain containing) transforming protein 2, BRAF  -  v-raf murine sarcoma viral oncogene homolog b, PPM1L  -  protein phosphatase, mg2+/mn2+ dependent, 1l, RASA2  -  ras p21 protein activator 2]"
GO:0023014,signal transduction by protein phosphorylation,9.14E-4,2.26E-1,4.43,3711,92,91,10,"[SYNGAP1  -  synaptic ras gtpase activating protein 1, DLG3  -  discs, large homolog 3 (drosophila), SRPK2  -  srsf protein kinase 2, NRG1  -  neuregulin 1, GRIN2B  -  glutamate receptor, ionotropic, n-methyl d-aspartate 2b, PAK3  -  p21 protein (cdc42/rac)-activated kinase 3, SHC2  -  shc (src homology 2 domain containing) transforming protein 2, BRAF  -  v-raf murine sarcoma viral oncogene homolog b, PPM1L  -  protein phosphatase, mg2+/mn2+ dependent, 1l, RASA2  -  ras p21 protein activator 2]"
